Case,Theta,Phi,timeErr,initX,initY,initZ,traceX,traceY,traceZ,noiseX,noiseY,noiseZ,13,14,15,16,17,18,19
Case1,1.9634954084936207,2.1598449493429825,0.4123340357836604,(0.6860375666567206+0j),(0.5648415412697537+0j),(-0.4585918560024097+3.22062474579799e-18j),(0.49809886172993434+0j),(0.778107264158752+0j),(-0.3826834323650897-1.208761269633275e-18j),(1.7+0j),(0.9+0j),(1.5+0j),(0.49809886172993434+0j),(0.778107264158752+0j),(-0.3826834323650897-1.208761269633275e-18j),0.47711285145310445,1.9634954084936207,2.572178985126643,0.9783586862729281
Case1,2.1353012567368124,2.012582793705961,0.4147884065343934,(0.6860375666567206+0j),(0.5648415412697537+0j),(-0.4585918560024097+3.22062474579799e-18j),(0.5534038755625005+0j),(0.6383742610941844+0j),(-0.5349976198870972-1.2231326973944221e-17j),(1.3+0j),(0.9+0j),(0.9+0j),(0.5257513686462174+0j),(0.7082407626264682+0j),(-0.45884052612609344-6.720044121788748e-18j),0.30393408949090134,2.0493983326152163,2.4997750926834987,0.9927908613155253
Case1,2.0371264863121317,1.718058482431918,0.3755184983645211,(0.6860375666567206+0j),(0.5648415412697537+0j),(-0.4585918560024097+3.22062474579799e-18j),(0.7739200602389167+0j),(0.44597913920497245+0j),(-0.4496113296546067+3.1458404025947084e-17j),(0.9+0j),(1.2+0j),(1+0j),(0.6084742658437838+0j),(0.6208202214859695+0j),(-0.45576412730226457+6.006105260789862e-18j),0.13636970972929763,2.045307717180855,2.3643757220544788,0.9945169482787157
Case1,2.0371264863121317,1.8162332528565992,0.3853359754069892,(0.6860375666567206+0j),(0.5648415412697537+0j),(-0.4585918560024097+3.22062474579799e-18j),(0.7213428604775134-5.551115123125783e-17j),(0.5267960989646139+0j),(-0.4496113296546068+7.830619270604565e-18j),(0.7+0j),(0.8+0j),(0.8+0j),(0.6366914145022162-1.3877787807814457e-17j),(0.5973141908556306+0j),(-0.4542259278903501+6.462233763243538e-18j),0.08618472985244086,2.043262409463674,2.323674098606756,0.9993063577283592
Case1,1.7426021750380885,2.405281875404685,0.4147884050442774,(0.6860375666567206+0j),(0.5648415412697537+0j),(-0.4585918560024097+3.22062474579799e-18j),(0.3113588548777236+0j),(0.9347875138665166+0j),(-0.17096188876030127-9.673548801490882e-18j),(1+0j),(0.3+0j),(1.4+0j),(0.5716249025773177-1.1102230246251566e-17j),(0.6648088554578079+0j),(-0.39757312006434037+3.2350772502966546e-18j),0.27539871420552636,1.983130362578557,2.4229533349751975,0.9100062276742873
Case1,1.718058482431918,1.4726215563702154,0.3190680053703295,(0.6860375666567206+0j),(0.5648415412697537+0j),(-0.4585918560024097+3.22062474579799e-18j),(0.9651416274337622-2.7755575615628914e-17j),(0.21672980150550072+0j),(-0.14673047445536158+1.2621285068962601e-18j),(0.2+0j),(0.7+0j),(0.9+0j),(0.6372110233867251-1.3877787807814457e-17j),(0.5901290131324233+0j),(-0.3557660124628439+2.9062524597299217e-18j),0.17693985867223083,1.9389517158874503,2.3177427061027553,0.9259154077278975
Case1,2.110757564130642,2.061670178918302,0.4172427743048944,(0.6860375666567206+0j),(0.5648415412697537+0j),(-0.4585918560024097+3.22062474579799e-18j),(0.5277017370169776+0j),(0.6761872855668489+0j),(-0.5141027441932216+1.1635514007206852e-17j),(1.4+0j),(0.9+0j),(1+0j),(0.6215668396196183-1.1895246692412391e-17j),(0.6024230520516269+0j),(-0.3783855455671835+4.153289823655197e-18j),0.18225854825420162,1.9634954084936207,2.3407670271199614,0.989862613333718
Case1,2.2580197197676637,1.7671458676442586,0.40251656023130833,(0.6860375666567206+0j),(0.5648415412697537+0j),(-0.4585918560024097+3.22062474579799e-18j),(0.6384875656121706-2.7755575615628914e-17j),(0.43575083426966443+0j),(-0.6343932841636455-1.9227043339928194e-17j),(1.1+0j),(1.3+0j),(0.7+0j),(0.6236819303686875-1.3877787807814457e-17j),(0.5815890248288816+0j),(-0.41038651289174133+1.2307481782072734e-18j),0.12730846295782938,2.000310947402876,2.3193789522144117,0.9875421224294
Case1,1.9389517158874505,1.8162332528565992,0.3755184983645211,(0.6860375666567206+0j),(0.5648415412697537+0j),(-0.4585918560024097+3.22062474579799e-18j),(0.7588244555642034-5.551115123125783e-17j),(0.5428268677167429+0j),(-0.35989503653498817+1.5475265238202987e-17j),(0.9+0j),(1.1+0j),(1.3+0j),(0.6386977665015224-1.850371707708594e-17j),(0.5772821184830884+0j),(-0.40477634885210206+2.8134722959845747e-18j),0.11359588451884045,1.9934932550122733,2.3051981521040457,0.9961190930136183
Case1,2.086213871524472,1.718058482431918,0.38042723688575514,(0.6860375666567206+0j),(0.5648415412697537+0j),(-0.4585918560024097+3.22062474579799e-18j),(0.7517315421295782+2.7755575615628914e-17j),(0.4381221983238205+0j),(-0.4928981922297838+1.4548809342203055e-17j),(1.1+0j),(1.5+0j),(1.1+0j),(0.6500011440643281-1.3877787807814457e-17j),(0.5633661264671617+0j),(-0.41358853318987027+3.987006000606423e-18j),0.08251516020752397,2.002765316663493,2.2845269088254083,0.9946123972117561
Case1,2.675262494072558,1.9144080232812801,0.4589670532254999,(0.6860375666567206+0j),(0.5648415412697537+0j),(-0.4585918560024097+3.22062474579799e-18j),(0.3124144615305229+0j),(0.3233381387655608+0j),(-0.8932243011955151-1.0256042690311501e-17j),(1.3+0j),(1+0j),(0.3+0j),(0.619311445652164-1.261617073437678e-17j),(0.5415454003124707+0j),(-0.45719178482674705+2.6921833923411572e-18j),0.09142233313750225,2.0639014237006807,2.2926040149782603,0.9032941344934622
Case1,2.086213871524472,2.110757564130642,0.41969714356551147,(0.6860375666567206+0j),(0.5648415412697537+0j),(-0.4585918560024097+3.22062474579799e-18j),(0.49925574503625897+0j),(0.7125974130916425+0j),(-0.4928981922297841-1.5796157092300103e-17j),(1.4+0j),(0.8+0j),(1+0j),(0.6093068039341718-1.1564823173178713e-17j),(0.5557997347107348+0j),(-0.4601673187770001+1.1514883519543854e-18j),0.08734803205615804,2.0657607943526632,2.312424906038085,0.9855259684394847
Case1,2.012582793705961,2.061670178918302,0.4074252972624264,(0.6860375666567206+0j),(0.5648415412697537+0j),(-0.4585918560024097+3.22062474579799e-18j),(0.5631323473081633-5.551115123125783e-17j),(0.7071623586539522+0j),(-0.4275550934302819+2.0871001158165632e-18j),(0.9+0j),(0.6+0j),(0.8+0j),(0.6057549226552481-1.494530994687711e-17j),(0.5674430134755978+0j),(-0.45765868605802185+1.2234584876360915e-18j),0.08381728615170436,2.0616701789183014,2.3244764883567495,0.9909189716630501
Case1,1.9634954084936207,2.061670178918302,0.40251656023130844,(0.6860375666567206+0j),(0.5648415412697537+0j),(-0.4585918560024097+3.22062474579799e-18j),(0.5790635042353914+0j),(0.7198880806458062+0j),(-0.3826834323650897-5.707124947013166e-18j),(1.1+0j),(0.7+0j),(1.1+0j),(0.6038483927681154-1.3877787807814457e-17j),(0.5783319468448983+0j),(-0.4523033107942409+7.284168137325729e-19j),0.10196812467191851,2.0546576953165387,2.3344557919848112,0.9896887585857364
Case1,1.8162332528565992,1.9634954084936207,0.37797286762513815,(0.6860375666567206+0j),(0.5648415412697537+0j),(-0.4585918560024097+3.22062474579799e-18j),(0.6959418801476495+0j),(0.675740728113033+0j),(-0.24298017990326376-1.6177569096691357e-18j),(0.7+0j),(0.6+0j),(1.4+0j),(0.6099879585934178-1.295260195396016e-17j),(0.5848258655961073+0j),(-0.43834843540150914+5.720052321724591e-19j),0.11627735299055686,2.038762732485876,2.3349232909270743,0.9852787269078457
Case1,1.9634954084936207,1.7671458676442586,0.3730641291039041,(0.6860375666567206+0j),(0.5648415412697537+0j),(-0.4585918560024097+3.22062474579799e-18j),(0.778107263416527+0j),(0.4980988628894043+0j),(-0.38268343236508984-2.2792456475463095e-17j),(0.8+0j),(1.1+0j),(1.1+0j),(0.6204954151448621-1.214306433183765e-17j),(0.5794054279269384+0j),(-0.4348693727117329-8.88273624554763e-19j),0.10382852145971994,2.03405852473636,2.3227537100408924,0.9953266282121508
Case1,2.1598449493429825,1.6689710972195777,0.3828816061463722,(0.6860375666567206+0j),(0.5648415412697537+0j),(-0.4585918560024097+3.22062474579799e-18j),(0.7371033116899212-2.7755575615628914e-17j),(0.384734225249452+0j),(-0.5555702330196018-5.7906860148772035e-18j),(1+0j),(1.5+0j),(0.9+0j),(0.6273547031769243-1.3061447348531253e-17j),(0.5679541807106157+0j),(-0.44196942331807815-1.1766508239854948e-18j),0.07841793560498972,2.0414577261838085,2.3068183567070726,0.9888872173328946
Case1,1.6935147898257479,1.6198837120072371,0.3313398516734147,(0.6860375666567206+0j),(0.5648415412697537+0j),(-0.4585918560024097+3.22062474579799e-18j),(0.9215232820709847+2.7755575615628914e-17j),(0.3685247172149956+0j),(-0.12241067519921606+6.370412468277018e-18j),(0.3+0j),(0.6+0j),(1.3+0j),(0.6436974020043721-1.0793834961633465e-17j),(0.5568747660719701+0j),(-0.4242161595336969-7.573695299709108e-19j),0.08468263631884493,2.022127563052805,2.287063090427827,0.9482470998138793
Case1,1.8653206380689396,2.1598449493429825,0.40251655874119224,(0.6860375666567206+0j),(0.5648415412697537+0j),(-0.4585918560024097+3.22062474579799e-18j),(0.523810629499927+0j),(0.8008478198597802+0j),(-0.29028467725446216+8.279821106896253e-18j),(0.9+0j),(0.5+0j),(1.1+0j),(0.6373875718725592-1.0225738384705389e-17j),(0.5697154531134339+0j),(-0.4171671341505793-2.817279175042179e-19j),0.09494862847967184,2.0138745670010225,2.301552480830792,0.9724140543700259
Case1,1.88986433067511,1.718058482431918,0.360792282800819,(0.6860375666567206+0j),(0.5648415412697537+0j),(-0.4585918560024097+3.22062474579799e-18j),(0.8295957773244103-2.7755575615628914e-17j),(0.46192489864244135+0j),(-0.31368174039889146-2.1882780110681095e-17j),(0.8+0j),(1.1+0j),(1.4+0j),(0.6469979821451518-1.1102230246251566e-17j),(0.5643259253898844+0j),(-0.41199286446299493-1.361780527163062e-18j),0.08615419193085289,2.0076740551847267,2.2904173950508895,0.9869500672603708
Case1,2.184388641949153,1.8162332528565992,0.40006219097069134,(0.6860375666567206+0j),(0.5648415412697537+0j),(-0.4585918560024097+3.22062474579799e-18j),(0.6530864209266034+0j),(0.4918567408274382+0j),(-0.5758081914178454-1.9751526135405433e-17j),(1.1+0j),(1.2+0j),(0.8+0j),(0.6472879078014113-1.057355261547768e-17j),(0.5608750118392916+0j),(-0.4197935943179878-2.237482698984127e-18j),0.0815144499701933,2.0160890355068424,2.2868877783259562,0.9949619492148027
Case1,1.7916895602504288,1.521708941582556,0.3313398516734146,(0.6860375666567206+0j),(0.5648415412697537+0j),(-0.4585918560024097+3.22062474579799e-18j),(0.9370941031428357+0j),(0.27175225558704447+0j),(-0.21910124015686977+1.44799340105279e-17j),(0.3+0j),(0.8+0j),(0.8+0j),(0.6604609166805672-1.0092936587501423e-17j),(0.5477330683732804+0j),(-0.41067121458339156-1.477600121279035e-18j),0.09060576429164485,2.0058890593588234,2.267167824459139,0.9484283942668004
Case1,1.9880391010997909,2.110757564130642,0.4098796680131594,(0.6860375666567206+0j),(0.5648415412697537+0j),(-0.4585918560024097+3.22062474579799e-18j),(0.5318986563207948+0j),(0.7435477770981781+0j),(-0.4052413140049897+5.445751933491184e-19j),(1.4+0j),(0.8+0j),(1.2+0j),(0.654871253186664-9.654113257610057e-18j),(0.5562467513613194+0j),(-0.410435131949548-1.389679455425637e-18j),0.08791782743135262,2.0051129742171265,2.2781882334889065,0.9853647560802818
Case1,2.2089323345553233,1.7671458676442586,0.3976078217100743,(0.6860375666567206+0j),(0.5648415412697537+0j),(-0.4585918560024097+3.22062474579799e-18j),(0.6656441502495253-2.7755575615628914e-17j),(0.44951107201693996+0j),(-0.5956993044924332+5.239635622104977e-18j),(0.9+0j),(1.1+0j),(0.7+0j),(0.6553201238976165-1.0408340855860843e-17j),(0.5517994313886369+0j),(-0.4181544724721682-1.1134579938618613e-18j),0.08419693617046242,2.0136054475645513,2.273461794149966,0.9918711355193554
Case1,2.1598449493429825,1.7671458676442586,0.3926990831888403,(0.6860375666567206+0j),(0.5648415412697537+0j),(-0.4585918560024097+3.22062474579799e-18j),(0.6913417154942011+2.7755575615628914e-17j),(0.461939767285823+0j),(-0.555570233019602+2.1774054206477935e-17j),(1.3+0j),(1.6+0j),(1.1+0j),(0.6567609875614799-8.881784197001253e-18j),(0.5482050448245244+0j),(-0.42365110289406555-1.979575058482696e-19j),0.08085382864881413,2.0194550276356886,2.2689171204172913,0.994994574433951
Case1Fin,2.061670178918302,2.2580197197676637,0.3926990831888403,(0.6860375666567206+0j),(0.5648415412697537+0j),(-0.4585918560024097+3.22062474579799e-18j),(0.6913417154942011+2.7755575615628914e-17j),(0.461939767285823+0j),(-0.555570233019602+2.1774054206477935e-17j),(0.6567609875614799-8.881784197001253e-18j),(0.5482050448245244+0j),(-0.42365110289406555-1.979575058482696e-19j),(0.6567609875614799-8.881784197001253e-18j),(0.5482050448245244+0j),(-0.42365110289406555-1.979575058482696e-19j),0.08085382864881413,2.0194550276356886,2.2689171204172913,0.9997901340432336
Case2,1.7426021750380885,0.2454369260617026,0.19880391160009525,(0.613179466683775+0j),(-0.7722442819283755+0j),(-0.16628202147655408-3.978452713790867e-18j),(0.42344526344809974+0j),(-0.8896438284251063+0j),(-0.17096188876030138+1.3525687125563191e-17j),(1+0j),(0.6+0j),(0.7+0j),(0.42344526344809974+0j),(-0.8896438284251063+0j),(-0.17096188876030138+1.3525687125563191e-17j),0.31181361701615334,1.7426021750380885,0.44424083766179784,0.9875491160131428
Case2,1.6689710972195777,0.09817477042468103,0.176714588254542,(0.613179466683775+0j),(-0.7722442819283755+0j),(-0.16628202147655408-3.978452713790867e-18j),(0.27013339133401626+0j),(-0.9578207510218175+0j),(-0.09801714032956077-3.195356728934249e-18j),(1.1+0j),(0.4+0j),(0.7+0j),(0.346789327391058+0j),(-0.9237322897234619+0j),(-0.13448951454493108+5.165165198314471e-18j),0.4496706540194264,1.705786636128833,0.3595650981705104,0.9608051822837982
Case2,1.718058482431918,0.6872233929727672,0.24052818754046854,(0.613179466683775+0j),(-0.7722442819283755+0j),(-0.16628202147655408-3.978452713790867e-18j),(0.7916119794033131+0j),(-0.5931447057264134+0j),(-0.1467304744553617+4.1258394471355634e-18j),(0.6+0j),(1+0j),(0.9+0j),(0.49506354472847636+0j),(-0.8135364283911124+0j),(-0.1385698345150746+4.818723281254835e-18j),0.18712025537951504,1.7098772515631946,0.5489605922847521,0.9839257402580925
Case2,1.7671458676442586,6.086835766330224,0.7853981648875644,(0.613179466683775+0j),(-0.7722442819283755+0j),(-0.16628202147655408-3.978452713790867e-18j),(0.5448951079909979+0j),(-0.81549315603696+0j),(-0.1950903220161282-2.3728624329862643e-18j),(1.4+0j),(1.2+0j),(1+0j),(0.5075214355441068+0j),(-0.8140256103025743+0j),(-0.152699956390338+3.0208268526945603e-18j),0.16102142460008306,1.7241944055834606,0.5589826002231146,0.99815921667564
Case2,1.7426021750380885,0.7363107781851077,0.24789129681243574,(0.613179466683775+0j),(-0.7722442819283755+0j),(-0.16628202147655408-3.978452713790867e-18j),(0.8205694507764484+0j),(-0.5453785923960971+0j),(-0.17096188876030127+2.3970185879753103e-18j),(0.6+0j),(1.2+0j),(0.8+0j),(0.5701310385905751+0j),(-0.7602962067212788+0j),(-0.15635234286433067+2.8960651997507105e-18j),0.06492618191251989,1.727875959474386,0.6440264951780004,0.9763748641579402
Case2,1.718058482431918,0.7853981633974483,0.25034566458293667,(0.613179466683775+0j),(-0.7722442819283755+0j),(-0.16628202147655408-3.978452713790867e-18j),(0.850931042817446+0j),(-0.5043674535849021+0j),(-0.14673047445536164+1.1823372247083536e-17j),(0.5+0j),(1+0j),(0.8+0j),(0.6169310392950536+0j),(-0.7176414145318827+0j),(-0.15474869812950248+4.383949707639515e-18j),0.06988776335482294,1.7262397133006413,0.7093127173117312,0.9678334952998211
Case2,1.718058482431918,6.086835766330224,0.7804894248762143,(0.613179466683775+0j),(-0.7722442819283755+0j),(-0.16628202147655408-3.978452713790867e-18j),(0.5455131281824299-5.551115123125783e-17j),(-0.8251579211561413+0j),(-0.1467304744553617+1.629944884336455e-18j),(1+0j),(0.8+0j),(1+0j),(0.6067284805646788-7.93016446160826e-18j),(-0.7330009154782053+0j),(-0.15360323760462524+3.990520447167649e-18j),0.058373136441195184,1.7250709660336807,0.6914308839853199,0.9980598108649239
Case2,1.9634954084936207,0.19634954084936207,0.2159844964244144,(0.613179466683775+0j),(-0.7722442819283755+0j),(-0.16628202147655408-3.978452713790867e-18j),(0.3702436458430784+0j),(-0.8464473009621444+0j),(-0.3826834323650897-1.5281975648309207e-17j),(1.4+0j),(0.8+0j),(0.4+0j),(0.5771678762244787-6.938893903907228e-18j),(-0.7471817136636978+0j),(-0.1822382619496833+1.581458435233042e-18j),0.07703039919710314,1.7548740213411733,0.656543778146377,0.9721616456692604
Case2,1.718058482431918,0.39269908169872414,0.21107575790318034,(0.613179466683775+0j),(-0.7722442819283755+0j),(-0.16628202147655408-3.978452713790867e-18j),(0.5616088734036297+5.551115123125783e-17j),(-0.814288426284207+0j),(-0.14673047445536158-1.4145042975704155e-17j),(1+0j),(0.9+0j),(1.1+0j),(0.5754390981332733+0j),(-0.7546380150659766+0j),(-0.17829295222809197-1.659306104266466e-19j),0.06735756616443841,1.7507834059068115,0.6506805627525467,0.9987976405540114
Case2,1.6444274046134073,6.234097921967246,0.7878525341481815,(0.613179466683775+0j),(-0.7722442819283755+0j),(-0.16628202147655408-3.978452713790867e-18j),(0.6715509589917354+0j),(-0.7372974735204717+0j),(-0.07356456359966751+1.572078052850509e-17j),(0.6+0j),(0.7+0j),(1.5+0j),(0.5850502842191195+0j),(-0.7529039609114262+0j),(-0.16782011336524955+1.4227405034665272e-18j),0.049007595370300194,1.740147805777471,0.6594890213708762,0.9966937557973964
Case2,1.718058482431918,0.5890486225480862,0.23071071198811657,(0.613179466683775+0j),(-0.7722442819283755+0j),(-0.16628202147655408-3.978452713790867e-18j),(0.7230698491753602+0j),(-0.6750112303359306+0j),(-0.14673047445536158-2.01023245358937e-17j),(0.6+0j),(0.8+0j),(0.7+0j),(0.5975975173969597+0j),(-0.7458228035863811+0j),(-0.16590287346435062-5.340835910207664e-19j),0.042382575641013165,1.7381396854733298,0.6740590498404514,0.9945218975885541
Case2,1.7426021750380885,0.14726215563702155,0.188986433067511,(0.613179466683775+0j),(-0.7722442819283755+0j),(-0.16628202147655408-3.978452713790867e-18j),(0.32509047951809106+0j),(-0.9301011841290217+0j),(-0.17096188876030122+2.1548380356364187e-18j),(1.4+0j),(0.6+0j),(0.8+0j),(0.5748885975737206+0j),(-0.7611793352982678+0j),(-0.1663244580723465-3.100067887993343e-19j),0.049398252335954546,1.7385115596037262,0.6459081780791248,0.973016016030075
Case2,1.6689710972195777,0.2945243112740431,0.1963495423394782,(0.613179466683775+0j),(-0.7722442819283755+0j),(-0.16628202147655408-3.978452713790867e-18j),(0.46912683400018296+0j),(-0.8776745717078624+0j),(-0.09801714032956077+2.4628947373398318e-18j),(1+0j),(0.7+0j),(1.3+0j),(0.5667530772988331+0j),(-0.7701405073297751+0j),(-0.16107004901520913-9.670667140401385e-20j),0.053742136444887206,1.733162293266484,0.6339824608125398,0.9908683013689639
Case2,1.6444274046134073,0.04908738521234052,0.1693514804726909,(0.613179466683775+0j),(-0.7722442819283755+0j),(-0.16628202147655408-3.978452713790867e-18j),(0.2161186768849486+0j),(-0.9735917894497105+0j),(-0.07356456359966751-3.0076354770544734e-19j),(1.4+0j),(0.4+0j),(0.9+0j),(0.5417077629835556+0j),(-0.7846727417669133+0j),(-0.1548196571998133-1.1128216256840194e-19j),0.09536252781549795,1.7268240869341214,0.6043007754462894,0.9483013581307174
Case2,1.6689710972195777,0.2945243112740431,0.1963495423394782,(0.613179466683775+0j),(-0.7722442819283755+0j),(-0.16628202147655408-3.978452713790867e-18j),(0.46912683400018296+0j),(-0.8776745717078624+0j),(-0.09801714032956077+2.4628947373398318e-18j),(1.2+0j),(0.8+0j),(1.4+0j),(0.536869034384664+0j),(-0.7908728637629765+0j),(-0.15103282274179647+6.032963075881363e-20j),0.11018821286846958,1.722967220953152,0.5967389806574381,0.9908683013689639
Case2,1.7671458676442586,6.283185307179586,0.8050331159922683,(0.613179466683775+0j),(-0.7722442819283755+0j),(-0.16628202147655408-3.978452713790867e-18j),(0.7070025959590129+0j),(-0.6797698842717732+0j),(-0.19509032201612814-1.0995481493160787e-17j),(0.7+0j),(0.9+0j),(0.6+0j),(0.5475023819830609+0j),(-0.7839289275447763+0j),(-0.1537864164464422-6.306585644861614e-19j),0.08985733534722679,1.7257283863713462,0.6097573641158651,0.9954539603835105
Case2,1.6935147898257479,5.939573610693203,0.763308840051895,(0.613179466683775+0j),(-0.7722442819283755+0j),(-0.16628202147655408-3.978452713790867e-18j),(0.4044194309348651+0j),(-0.9063446091192863+0j),(-0.12241067519921606-4.893736675080383e-18j),(1.1+0j),(0.6+0j),(1.1+0j),(0.5390857378037552+0j),(-0.7911298499903356+0j),(-0.15194078460837007-8.81427865109351e-19j),0.10732053381016393,1.7238334689274875,0.5985773511423149,0.9841279240274993
Case2,1.7671458676442586,6.086835766330224,0.7853981648875644,(0.613179466683775+0j),(-0.7722442819283755+0j),(-0.16628202147655408-3.978452713790867e-18j),(0.5448951079909979+0j),(-0.81549315603696+0j),(-0.1950903220161282-2.3728624329862643e-18j),(1.1+0j),(0.9+0j),(0.8+0j),(0.5394084805919354+0j),(-0.7924833669929258+0j),(-0.1543379811310233-9.642853411025126e-19j),0.10595411150192072,1.7262397133006415,0.5980479774143086,0.99815921667564
Case2,1.8162332528565992,0.4908738521234052,0.23071071198811657,(0.613179466683775+0j),(-0.7722442819283755+0j),(-0.16628202147655408-3.978452713790867e-18j),(0.6407785192861764-5.551115123125783e-17j),(-0.7282606136511796+0j),(-0.24298017990326387+1.181281690382012e-18j),(0.8+0j),(0.9+0j),(0.6+0j),(0.5447437457863691-2.921639538487254e-18j),(-0.7891032220802023+0j),(-0.1590033600137728-8.513607604980641e-19j),0.09257332251201406,1.7309762153825339,0.6045499030299514,0.997855286237565
Case2,1.718058482431918,0.7853981633974483,0.25034566458293667,(0.613179466683775+0j),(-0.7722442819283755+0j),(-0.16628202147655408-3.978452713790867e-18j),(0.850931042817446+0j),(-0.5043674535849021+0j),(-0.14673047445536164+1.1823372247083536e-17j),(0.8+0j),(1.7+0j),(1.5+0j),(0.5600531106379231-2.7755575615628915e-18j),(-0.7748664336554374+0j),(-0.15838971573585225-2.176241101189841e-19j),0.06364081351361567,1.7303303287350034,0.6261095992774731,0.9678334952998211
Case2,1.7916895602504288,0.44178646691106466,0.22334760420626548,(0.613179466683775+0j),(-0.7722442819283755+0j),(-0.16628202147655408-3.978452713790867e-18j),(0.6021688440701324+0j),(-0.7677156568632442+0j),(-0.21910124015686983+1.0488312400456854e-20j),(1.2+0j),(1.2+0j),(1+0j),(0.5620586217537424-2.64338815386942e-18j),(-0.7745259204748567+0j),(-0.16128074070828163-2.067616138085345e-19j),0.058403764244786216,1.7332521969024044,0.6279679074603235,0.9992671005670406
Case2,1.6935147898257479,0.8344855486097889,0.2528000338435537,(0.613179466683775+0j),(-0.7722442819283755+0j),(-0.16628202147655408-3.978452713790867e-18j),(0.8787098897856422+0j),(-0.461394144078765+0j),(-0.12241067519921611-1.4936273267706055e-17j),(0.6+0j),(1.4+0j),(1.4+0j),(0.5764518612097379-2.523234146875356e-18j),(-0.760292657911398+0j),(-0.15951391954877867-8.762848708038763e-19j),0.055447331418789964,1.7314459511261928,0.6488459835963698,0.9577352757733564
Case2,1.6689710972195777,0.09817477042468103,0.176714588254542,(0.613179466683775+0j),(-0.7722442819283755+0j),(-0.16628202147655408-3.978452713790867e-18j),(0.27013339133401626+0j),(-0.9578207510218175+0j),(-0.09801714032956077-3.195356728934249e-18j),(1.4+0j),(0.5+0j),(0.9+0j),(0.5631336668673153-2.413528314402514e-18j),(-0.7688808358727205+0j),(-0.15684014653924744-9.77114082026936e-19j),0.06285112080942135,1.728729653130253,0.6325869999043199,0.9608051822837982
Case2,1.9144080232812801,5.792311455056181,0.7706719478337462,(0.613179466683775+0j),(-0.7722442819283755+0j),(-0.16628202147655408-3.978452713790867e-18j),(0.2600183171280503+5.551115123125783e-17j),(-0.9049285615114959+0j),(-0.33688985339222-1.2798778859858074e-18j),(1.4+0j),(0.5+0j),(0.3+0j),(0.5505038606281791+0j),(-0.7745494911076696+0j),(-0.1643422176581213-9.897292405252222e-19j),0.06692061905332275,1.7364662518865457,0.6178874622295707,0.9571412680980594
Case2,1.718058482431918,0.39269908169872414,0.21107575790318034,(0.613179466683775+0j),(-0.7722442819283755+0j),(-0.16628202147655408-3.978452713790867e-18j),(0.5616088734036297+5.551115123125783e-17j),(-0.814288426284207+0j),(-0.14673047445536158-1.4145042975704155e-17j),(0.8+0j),(0.7+0j),(1+0j),(0.5509480611391973+2.220446049250313e-18j),(-0.7761390485147311+0j),(-0.16363774793001093-1.5159417899323798e-18j),0.06877044567747656,1.7357299411083609,0.6173229573244641,0.9987976405540114
Case2Fin,1.718058482431918,0.6872233929727672,0.21107575790318034,(0.613179466683775+0j),(-0.7722442819283755+0j),(-0.16628202147655408-3.978452713790867e-18j),(0.5616088734036297+5.551115123125783e-17j),(-0.814288426284207+0j),(-0.14673047445536158-1.4145042975704155e-17j),(0.5509480611391973+2.220446049250313e-18j),(-0.7761390485147311+0j),(-0.16363774793001093-1.5159417899323798e-18j),(0.5509480611391973+2.220446049250313e-18j),(-0.7761390485147311+0j),(-0.16363774793001093-1.5159417899323798e-18j),0.06877044567747656,1.7357299411083609,0.6173229573244641,0.9992961891592941
Case3,1.4971652489763858,4.074252972624263,0.5571418221600649,(-0.8962821245199537+0j),(0.3171437375663993+0j),(0.3099971015806646+1.4205532955815412e-17j),(-0.9940211028579297-1.3877787807814457e-17j),(0.0806864428234125+0j),(0.07356456359966734-1.8587091428034323e-18j),(0.3+0j),(1+0j),(1.2+0j),(-0.9940211028579297-1.3877787807814457e-17j),(0.0806864428234125+0j),(0.07356456359966734-1.8587091428034323e-18j),0.5706288110619601,1.4971652489763858,4.631394794784328,0.9696586738812819
Case3,1.325359400733194,3.9269908169872414,0.5252350232621597,(-0.8962821245199537+0j),(0.3171437375663993+0j),(0.3099971015806646+1.4205532955815412e-17j),(-0.9373877858278603+1.3877787807814457e-17j),(0.24952909881398344+0j),(0.24298017990326398+1.6738855042821612e-17j),(0.9+0j),(1.2+0j),(1.1+0j),(-0.965704444342895+0j),(0.16510777081869799+0j),(0.15827237175146566+7.44007295000909e-18j),0.37318301639984164,1.41126232485479,4.541810317516864,0.9973118445836997
Case3,1.1780972450961724,4.025165587411922,0.5203262847409257,(-0.8962821245199537+0j),(0.3171437375663993+0j),(0.3099971015806646+1.4205532955815412e-17j),(-0.9110422042478395+1.3877787807814457e-17j),(0.15347798758294723+0j),(0.3826834323650898-1.8948144595613642e-17j),(0.9+0j),(1.9+0j),(0.7+0j),(-0.9474836976445432+4.625929269271485e-18j),(0.16123117640678106+0j),(0.2330760586226737-1.3559995651984873e-18j),0.2840351772421987,1.3335406316019174,4.543037502395525,0.9919281112503278
Case3,1.325359400733194,3.9269908169872414,0.5252350232621597,(-0.8962821245199537+0j),(0.3171437375663993+0j),(0.3099971015806646+1.4205532955815412e-17j),(-0.9373877858278603+1.3877787807814457e-17j),(0.24952909881398344+0j),(0.24298017990326398+1.6738855042821612e-17j),(0.6+0j),(0.9+0j),(0.8+0j),(-0.9449597196903725+6.938893903907228e-18j),(0.18330565700858165+0j),(0.23555208894282126+3.1677140868065373e-18j),0.2569606883660798,1.3314953238847365,4.520334586858994,0.9973118445836997
Case3,1.2762720155208536,3.730641276137879,0.5006913291658733,(-0.8962821245199537+0j),(0.3171437375663993+0j),(0.3099971015806646+1.4205532955815412e-17j),(-0.8483339386909897+0j),(0.44279152500505764+0j),(0.29028467725446233+2.965413301961176e-17j),(1.1+0j),(0.7+0j),(1.1+0j),(-0.9256345634904961+5.551115123125783e-18j),(0.23520283060787683+0j),(0.24649860660514947+8.464997873367583e-18j),0.17479184090458003,1.3204506622119598,4.462534190547946,0.9953812572776936
Case3,1.1780972450961724,3.8288160465625602,0.5006913306559894,(-0.8962821245199537+0j),(0.3171437375663993+0j),(0.3099971015806646+1.4205532955815412e-17j),(-0.8569832040196214+0j),(0.3451567450036831+0j),(0.3826834323650897+1.5782127038646945e-17j),(1+0j),(0.9+0j),(0.8+0j),(-0.9141926702453502+4.625929269271485e-18j),(0.25352848300717784+0j),(0.26919607756513947+9.684519400914142e-18j),0.12232682430014313,1.296725092692662,4.440363054993046,0.9980968909033189
Case3,1.3008157081270237,3.9760782021995817,0.5276893925227767,(-0.8962821245199537+0j),(0.3171437375663993+0j),(0.3099971015806646+1.4205532955815412e-17j),(-0.9428788669489422-1.3877787807814457e-17j),(0.19960898592301718+0j),(0.26671275747489837-2.4139795913099527e-17j),(0.8+0j),(1.3+0j),(1+0j),(-0.9182906983458633+1.982541115402065e-18j),(0.24582569770944063+0j),(0.2688413175522479+4.852474356055046e-18j),0.134482397711285,1.2973094663261422,4.449420846382948,0.995535211315584
Case3,1.2517283229146832,3.9760782021995817,0.5227806525114266,(-0.8962821245199537+0j),(0.3171437375663993+0j),(0.3099971015806646+1.4205532955815412e-17j),(-0.9279633820929-1.3877787807814457e-17j),(0.20121562373491064+0j),(0.3136817403988914-2.008112626605166e-17j),(0.8+0j),(1.2+0j),(0.8+0j),(-0.9194997838142429+0j),(0.24024943846262437+0j),(0.27444637040807834+1.7357742782917078e-18j),0.13566268957065042,1.2916118233997098,4.455600597423955,0.9963858490076356
Case3,1.1290098598838318,3.9269908169872414,0.5056000691772234,(-0.8962821245199537+0j),(0.3171437375663993+0j),(0.3099971015806646+1.4205532955815412e-17j),(-0.8688342492384932+1.3877787807814457e-17j),(0.24964712982929854+0j),(0.42755509343028225+4.090049863643466e-18j),(0.7+0j),(0.8+0j),(0.5+0j),(-0.9138702799724928+1.5419764230904951e-18j),(0.2412936263922548+0j),(0.2914584507438787+1.997360454441903e-18j),0.11197691746346952,1.2735449385646123,4.453043962839567,0.9952177494061287
Case3,1.3989904785517047,3.77972866135022,0.5178719154803086,(-0.8962821245199537+0j),(0.3171437375663993+0j),(0.3099971015806646+1.4205532955815412e-17j),(-0.9017276881228786-2.7755575615628914e-17j),(0.3970632305616816+0j),(0.17096188876030138-3.6129843552537914e-17j),(1+0j),(0.8+0j),(1.7+0j),(-0.9126560207875315-1.3877787807814458e-18j),(0.2568705868091975+0j),(0.27940879454552103-1.8153599462560785e-18j),0.10723535405992318,1.2860894925633215,4.437499624238663,0.99356310793309
Case3,1.1290098598838318,3.6324665057131984,0.47614763804981913,(-0.8962821245199537+0j),(0.3171437375663993+0j),(0.3099971015806646+1.4205532955815412e-17j),(-0.7441624553078998+0j),(0.5132434921087072+0j),(0.4275550934302824+6.581606404904925e-18j),(1.7+0j),(0.9+0j),(1+0j),(-0.8973384239257467-1.261617073437678e-18j),(0.2801772145636984+0j),(0.2928766398986812-1.0519993688778055e-18j),0.05514328409047736,1.271809525956095,4.407600944195423,0.9811461758727413
Case3,1.1780972450961724,3.8288160465625602,0.5006913306559894,(-0.8962821245199537+0j),(0.3171437375663993+0j),(0.3099971015806646+1.4205532955815412e-17j),(-0.8569832040196214+0j),(0.3451567450036831+0j),(0.3826834323650897+1.5782127038646945e-17j),(1.1+0j),(1+0j),(0.8+0j),(-0.8939754889335696-1.1564823173178713e-18j),(0.2855921754336971+0j),(0.30036053927088185+3.508444984159237e-19j),0.043494760028869095,1.2640001692177683,4.40109314694735,0.9980968909033189
Case3,1.1044661672776617,3.6815538909255388,0.47860200582032003,(-0.8962821245199537+0j),(0.3171437375663993+0j),(0.3099971015806646+1.4205532955815412e-17j),(-0.7604511474306234+2.7755575615628914e-17j),(0.4685762527248529+0j),(0.4496113296546067+1.7435665170475224e-17j),(1.4+0j),(0.8+0j),(0.8+0j),(-0.8837043857410354+1.0675221390626506e-18j),(0.29966787368686293+0j),(0.31184136930039913+1.665061473189716e-18j),0.0318978703781892,1.2517283229146832,4.382559512316465,0.9847815040391442
Case3,1.325359400733194,3.8288160465625602,0.5154175462196916,(-0.8962821245199537+0j),(0.3171437375663993+0j),(0.3099971015806646+1.4205532955815412e-17j),(-0.9050321743953602+0j),(0.34910943195992816+0j),(0.24298017990326387+1.857404407456708e-18j),(1.2+0j),(1.1+0j),(1.6+0j),(-0.8852277992163443+9.912705577010326e-19j),(0.3031994135635104+0j),(0.3069227129148895+1.6788002542087869e-18j),0.02807303797227345,1.2569876856160054,4.379821946635451,0.9986026001264392
Case3,1.1290098598838318,3.730641276137879,0.48596511509228724,(-0.8962821245199537+0j),(0.3171437375663993+0j),(0.3099971015806646+1.4205532955815412e-17j),(-0.7951459862203574+0j),(0.43004593089515203+0j),(0.42755509343028225-2.6197988154627654e-17j),(1.6+0j),(1.1+0j),(1+0j),(-0.8792223450166118+9.251858538542971e-19j),(0.31165584805228647+0j),(0.31496487161591563-1.7965230638030914e-19j),0.02751543905270576,1.248455830567194,4.3689409096084315,0.9908011835309194
Case3,1.325359400733194,3.6324665057131984,0.4957825921347554,(-0.8962821245199537+0j),(0.3171437375663993+0j),(0.3099971015806646+1.4205532955815412e-17j),(-0.8091872027566767+0j),(0.5349548607770588+0j),(0.24298017990326387+1.9509318798113552e-17j),(0.9+0j),(0.5+0j),(1.1+0j),(-0.8748451486253659+8.673617379884035e-19j),(0.32561203634758473+0j),(0.31046582838387493+1.0509083876505572e-18j),0.03037400147898356,1.253262303702569,4.353897671373402,0.9851203846381483
Case3,1.3008157081270237,3.9760782021995817,0.5276893925227767,(-0.8962821245199537+0j),(0.3171437375663993+0j),(0.3099971015806646+1.4205532955815412e-17j),(-0.9428788669489422-1.3877787807814457e-17j),(0.19960898592301718+0j),(0.26671275747489837-2.4139795913099527e-17j),(0.8+0j),(1.2+0j),(1+0j),(-0.8788471320561644+0j),(0.31820009220496315+0j),(0.3078921183304057-4.3089774768768305e-19j),0.020596330352612102,1.2560595627863602,4.3627135492174585,0.995535211315584
Case3,1.055378782065321,3.6815538909255388,0.47369326878920215,(-0.8962821245199537+0j),(0.3171437375663993+0j),(0.3099971015806646+1.4205532955815412e-17j),(-0.738503625522089+2.7755575615628914e-17j),(0.4600693069390098+0j),(0.49289819222978387-2.4464506802540583e-17j),(1.2+0j),(0.7+0j),(0.6+0j),(-0.8710502705820491+1.5419764230904951e-18j),(0.3260817152457435+0j),(0.3181702335470378-1.7660982507350665e-18j),0.04234296358362194,1.2449106305240805,4.35118763868953,0.980306354689329
Case3,1.1044661672776617,3.5833791205008576,0.46878453026796807,(-0.8962821245199537+0j),(0.3171437375663993+0j),(0.3099971015806646+1.4205532955815412e-17j),(-0.7055168390557363+5.551115123125783e-17j),(0.5478098593992438+0j),(0.4496113296546066+2.983013131104362e-17j),(1.5+0j),(0.7+0j),(0.8+0j),(-0.8623379847122431+4.382459307730881e-18j),(0.337751617569612+0j),(0.32508818597375194-1.0313880011513556e-19j),0.0696431042040106,1.2375188166690057,4.335449534062124,0.9727274036639747
Case3,1.1780972450961724,3.9269908169872414,0.5105088076984575,(-0.8962821245199537+0j),(0.3171437375663993+0j),(0.3099971015806646+1.4205532955815412e-17j),(-0.889192694291524+0j),(0.2507782746009983+0j),(0.3826834323650898-1.7566811825305623e-17j),(1+0j),(1.2+0j),(0.8+0j),(-0.8636807201912072+4.163336342344338e-18j),(0.3334029504211813+0j),(0.3279679482933189-9.7632245137466e-19j),0.06683146389618272,1.234547738090364,4.340552038593303,0.997565531930855
Case3,1.2026409377023426,3.877903431774901,0.5080544384378405,(-0.8962821245199537+0j),(0.3171437375663993+0j),(0.3099971015806646+1.4205532955815412e-17j),(-0.8837240522612437+0j),(0.29917781022737233+0j),(0.3598950365349882-2.2549095033875962e-18j),(1.4+0j),(1.4+0j),(1.2+0j),(-0.8646351645754946+3.96508223080413e-18j),(0.33177318184052373+0j),(0.32948828582863643-1.0372075490895617e-18j),0.06576758846655534,1.2330283666433153,4.342714221051371,0.9992574296118618
Case3,1.227184630308513,3.5342917352885173,0.47614763655970305,(-0.8962821245199537+0j),(0.3171437375663993+0j),(0.3099971015806646+1.4205532955815412e-17j),(-0.7189487011190561+0j),(0.6079621631652673+0j),(0.33688985339222-1.4771966881624707e-17j),(1+0j),(0.4+0j),(0.7+0j),(-0.858013052600202+3.784851220313033e-18j),(0.3443272264461939+0j),(0.32982472071789026-1.6615147914775228e-18j),0.08528017993677195,1.2327627422644607,4.327610818814865,0.9708135781572106
Case3,1.227184630308513,3.8288160465625602,0.5056000691772234,(-0.8962821245199537+0j),(0.3171437375663993+0j),(0.3099971015806646+1.4205532955815412e-17j),(-0.8750848317852487+2.7755575615628914e-17j),(0.34746476635876566+0j),(0.3368898533922201-2.072082943677378e-17j),(1.2+0j),(1.1+0j),(1+0j),(-0.858755303869117+4.827056628805028e-18j),(0.34446364122500134+0j),(0.33013190039938284-2.4901806456208384e-18j),0.08498152312815693,1.2325202156576804,4.327906701289861,0.9994770400912113
Case3,0.9817477042468103,3.8288160465625602,0.48105637657105316,(-0.8962821245199537+0j),(0.3171437375663993+0j),(0.3099971015806646+1.4205532955815412e-17j),(-0.7650169685551085-2.7755575615628914e-17j),(0.32571575645844497+0j),(0.5555702330196022-2.710083566121526e-17j),(1.2+0j),(1+0j),(0.6+0j),(-0.8548495398977001+3.469446951953614e-18j),(0.3436824793597282+0j),(0.33952516425855866-3.515624604603939e-18j),0.09749938909347655,1.222071361015561,4.327155273033351,0.9805974760633208
Case3,1.1535535524900022,3.877903431774901,0.5031456999166064,(-0.8962821245199537+0j),(0.3171437375663993+0j),(0.3099971015806646+1.4205532955815412e-17j),(-0.8644834423707588+0j),(0.297401841437326+0j),(0.40524131400498986+1.5930207751934194e-17j),(1+0j),(1.1+0j),(0.7+0j),(-0.8552348959966224+3.3306690738754695e-18j),(0.3418312538428321+0j),(0.3421538102484159-2.7377913103424137e-18j),0.09789145346751538,1.2193306486745386,4.329311027379677,0.9973819116202791
Case3Fin,1.2517283229146832,4.368777283898306,0.5031456999166064,(-0.8962821245199537+0j),(0.3171437375663993+0j),(0.3099971015806646+1.4205532955815412e-17j),(-0.8644834423707588+0j),(0.297401841437326+0j),(0.40524131400498986+1.5930207751934194e-17j),(-0.8552348959966224+3.3306690738754695e-18j),(0.3418312538428321+0j),(0.3421538102484159-2.7377913103424137e-18j),(-0.8552348959966224+3.3306690738754695e-18j),(0.3418312538428321+0j),(0.3421538102484159-2.7377913103424137e-18j),0.09789145346751538,1.2193306486745386,4.329311027379677,0.9992588355749177
