Al,Ap,N,x,z,fun
1.2899230720902455,1.167592189199746,9.0,1.4001107383094205,1.115999999999997,0.03665193362584048
2.779276409960198,1.2554061197216835,9.0,2.6624986126691303,1.1426958698217666,0.04511652726656309
1.9000585938988543,1.1141383975924526,13.0,3.854767027784747,0.23638926604624783,0.009912697824145387
3.777203884753319,1.0422739467285222,9.0,1.6998026448603738,1.0539628630651674,0.030623035896683068
4.343369030170564,1.8148002481291907,9.0,0.3137470384001761,0.14205228836494857,0.057754355618456675
1.0706889408858518,1.8679195345239907,9.0,3.319352497922583,2.056863538257753,0.030706182908391798
1.732893160798482,1.2607350865575615,13.0,3.0676014437762906,2.416439558823444,0.025711961819617376
3.397647805110615,1.054202907406762,9.0,1.7695944558818208,0.431665840513559,0.03278828883950638
0.46803385545081466,0.4429085702660448,13.0,0.5438284403634442,0.22119703799298357,0.021884811266228488
2.907941459303366,1.304619713235556,9.0,0.3681374794269889,0.1669580916752983,0.047678279078059826
4.440218618707085,1.234087747011537,9.0,2.855507430881566,1.7603519719655492,0.039336936026906556
2.6367956159248473,1.512687318013007,9.0,1.920869359173382,0.48243849953022166,0.06484729082443688
4.4220771114714195,1.8660277017449978,13.0,0.32773270381083497,0.24774561418944738,0.06383843553234264
4.720246433763683,1.3718314361160044,13.0,2.770716015174971,0.14833638088871048,0.026704343116754577
0.7259213491859658,0.688924124923951,9.0,0.499448638187035,0.2265556374481372,0.031318654969113846
1.5918879195721256,0.5833794579124351,13.0,4.031160525873401,2.4592113181879482,0.03254813662451641
0.31696311374225195,1.7883910519036201,13.0,0.5088834674845197,0.335052862593338,0.09262287910265041
1.2492370623492366,0.7502319919280175,15.0,0.4828474844901075,0.15984015431774537,0.034191321785279075
1.1098347694249724,1.7997065546267175,9.0,3.3043128788954896,2.0477631977863284,0.011947278887222697
3.1747533885434094,0.6419264274408963,13.0,4.01396046677364,1.7066766506571678,0.037621400626504556
3.027652490402711,0.5791222351882942,13.0,4.084857151748724,1.7361001862408023,0.0725456382812226
0.7329934990611799,0.8131895716845672,9.0,1.5373231085723136,1.2115909573136192,0.03461088407946142
3.707581296099139,1.358652082777674,13.0,3.0755918116528727,0.16501469848949488,0.012844084796446888
4.955625918851052,0.9264030017204747,13.0,3.927168721295118,1.67098546418587,0.023789964430653766
4.691127803187929,1.0926946199964709,9.0,4.02630019739883,1.7171822018773462,0.0829631018619052
1.1695296764900602,0.4256184418792096,17.0,0.4724774188449112,0.025561557978102355,0.04100627708909574
2.2030066439842884,1.3958838077038394,9.0,2.036128665026119,0.49990133150316896,0.07087484983644907
3.1103343252840734,1.1109116233722192,9.0,1.826956253321666,1.1411410244985698,0.031759376281573354
4.433388511698831,1.8808223386248577,9.0,0.3104967313063136,0.14118195085430826,0.05972481685055505
0.4800319974151879,0.4057694282395675,15.0,0.5424184351890265,0.04790195345517089,0.019965686869206856
0.6621284449490968,1.1078469052344966,9.0,2.5532204313694473,1.5882116329800873,0.08119370510090482
0.7529467475760268,0.7558221327938761,13.0,1.5051074939006552,0.09068181678050381,0.014712377091550545
4.107950071340559,0.8062395709532137,13.0,1.6433953682925182,1.009173771747999,0.01636035435551013
0.476162556634476,1.58132535931685,5.0,3.649257770834095,1.463085164315772,0.06959498434479938
1.8905070092888583,1.0998221888985797,9.0,3.8582174773932825,2.350327749676389,0.08779365572244693
2.328637541835399,1.5477484439086708,9.0,1.9965461763662002,0.49819502971119795,0.08402096743741513
2.5802243391185242,1.1683081621243665,9.0,0.3840363573129221,0.17294834847532775,0.044010234972100104
2.860618558424448,1.7309992926587625,9.0,4.883300939290791,0.25169279153528373,0.07682858378460129
2.668915959657484,1.878312298246158,5.0,4.998329458537061,2.1319163592880312,0.09848860779346418
1.613664130370692,0.6908129360215953,9.0,4.00668472206435,3.208,0.030610209954364843
4.190144537414044,0.6644504480373146,17.0,2.94,0.147,0.0205585521005599
2.69639589703112,1.5066784665430475,9.0,5.01245842466059,3.9838366232960465,0.0335993333362614
2.9550826657414944,1.4489334355428352,9.0,2.6041911987089206,1.1168272046474057,0.04577906184611836
4.621364207466418,1.4167455264502367,13.0,2.796831904907551,0.1507462549846573,0.024062437402573876
2.06133148881186,0.8446377519218219,9.0,2.9309337325025884,1.2448695709094582,0.09619369747569426
2.163730783016543,1.0401174807045968,15.0,0.40247829764441634,0.28602068153402577,0.04597536332988888
1.2168079962458835,1.7188182018812008,9.0,3.2568191033415768,0.7791268031170159,0.045478157503462735
1.2308758840812637,1.085446116167177,13.0,1.394171154252202,0.08315695954740329,0.037957743660746765
4.3742215099715835,0.5847596541167598,17.0,2.8850000000000002,0.14425000000000002,0.0684020343662298
0.7161188427754892,0.48626444113697365,15.0,0.5231001925674352,0.17956981451127366,0.02330785714707171
2.6289122498309303,0.7510861885388789,13.0,2.7263472304410676,2.1799999999999997,0.030943270373671908
4.04116299468053,1.2492907578281054,9.0,1.6477254825959036,1.0281875198473787,0.018404772799703564
3.3306923017705263,1.2418031397761338,9.0,1.7764878298079851,0.44115148222440514,0.02737738362590681
2.086457264494311,1.1506277696786098,15.0,0.4280674162785328,0.13924730487244175,0.04679019600738758
3.5525085312466818,1.5193711641011205,13.0,3.840614211807255,1.6663686540348732,0.016381310937539313
3.1927540336374074,1.8564846669383082,13.0,3.245929519571228,0.17268954365131908,0.04128089697976299
2.177080236456982,1.6871879204146873,9.0,3.6742353718747576,2.2756668905570105,0.008989283973434476
2.8657541310533854,0.6395719021012327,15.0,4.169848371395904,0.41500267799068286,0.03637592781732008
2.7750824992517122,1.1112944752947076,13.0,4.18932311266883,1.801302800544825,0.037894405744338264
3.9185969208631466,1.710233993499919,9.0,0.32714371685503113,0.14983387062716227,0.057725006785201746
1.5664790884944901,0.905549649736299,15.0,0.4369180880730269,0.3110847184419866,0.04256240100186913
4.002875298423173,1.016240072202843,13.0,3.0015878055838865,2.3877788897142427,0.02330966912386473
2.088064334512651,1.2078026895947351,13.0,3.732733138251063,0.20149591057787758,0.033926539778411015
2.1807397565271054,1.5418356049313642,9.0,2.0364283788853017,0.5044744293497418,0.08737432444994074
3.5594426486597537,1.6737637078443228,9.0,3.1194162313395943,1.9334173814919413,0.01332634867229244
3.6842586095719922,0.761501418158629,13.0,1.7190999670631129,1.0572283906741675,0.01655316472274068
3.6879028766729425,1.8730266767531505,9.0,3.752178774316748,0.9185763520663902,0.026029178791674712
1.4573814985948572,1.7234461084346338,7.0,1.337817461007405,0.32494109720466446,0.019100805741321697
4.0704787578843655,1.7565619740050156,9.0,0.32193971124014104,0.14731342376854395,0.05820654816474264
2.405013440483231,0.6236088203586913,13.0,2.804992330713678,2.243980826784195,0.02835056308245538
4.780748462013585,1.1818952926016928,13.0,2.7591829751188897,1.1829056848717403,0.04703167751192105
4.378389805587404,1.0436914080140887,13.0,2.8731496146393707,1.7734070581628607,0.030503149148534275
0.3556952250352368,0.725160180284551,9.0,2.6964507718850346,0.661552759773708,0.051338443622661975
3.776637740846789,0.9619255599526784,9.0,1.7019465473799855,1.0525312065052714,0.057249657736044866
1.8163964292030574,1.1377253855450287,9.0,3.871528705318065,3.075976344533392,0.03179661363852779
2.9143641917137937,1.481716968995477,9.0,2.632945891792062,1.599021600248471,0.046000929052961353
2.9271436731148075,1.571494153223516,9.0,2.6105332280870215,1.1193584570404258,0.07560309749659141
1.8921151057715906,1.0987307638748454,13.0,3.859366694545748,0.23673627704309655,0.009303848371232621
2.234619098918524,0.8424287485501156,9.0,2.8637547034801325,1.2185347121216932,0.09437141586749744
4.905674955401715,1.0472359775260769,13.0,3.9422908550484403,1.6815896992212986,0.0146813408518643
2.6377433388092046,0.8445373606497584,13.0,2.730455172104259,0.6402702751250405,0.01863469128838816
0.47173244620262283,1.4433446960152252,5.0,3.6633536826422626,1.4649956827876742,0.08855883863051575
4.618927298782596,0.8633850905598396,13.0,4.058416229137205,1.7281133157680713,0.02287416391764618
4.378422367476395,1.0871542566208006,13.0,2.886760005262342,2.295277891423095,0.003882208406867195
5.01406119794263,1.0464821349173372,13.0,3.9020097624384844,1.6634406198551854,0.011031825753394368
3.18679553649728,1.8106708916207943,9.0,2.528918532407309,1.082337603942095,0.051697029717196266
3.897702067289962,1.5121171916712213,17.0,3.013341468874967,0.16764632781258196,0.06190594731025368
3.0240663729887425,0.6735561472172558,13.0,4.082953043959556,1.7393734992990353,0.02397356780588927
4.08477415224175,0.6886579770593799,15.0,1.6500000000000365,0.39094934552855604,0.028549204082152016
0.9294329388500702,1.0453799539527633,9.0,1.4899106176541115,1.1672372404269624,0.040717241953897663
4.6745498462227975,1.0967437691481634,9.0,4.034277421933213,0.9586278892022092,0.04980719767543507
4.3624202525143385,1.612141965650822,9.0,0.31816929522918974,0.13568445117777386,0.05454246170668665
3.159780840641944,0.9585645501618163,9.0,4.010217988962523,0.20075000000000184,0.043860247878462794
1.3304563046330558,0.5596253032397644,13.0,0.45879263490455685,0.03454499416916079,0.02355988032841908
1.6295845733541514,0.6525368019125345,13.0,3.990399644407528,0.21157138316843876,0.012474603711428223
4.565302001994811,1.1629795352038903,9.0,2.8269871085044667,2.2541346933023196,0.059544943324062516
0.512575459486076,1.4338398576484905,9.0,3.6433873994431347,2.263568621247945,0.07171034414177929
4.521631743476987,0.9524396314585151,13.0,4.095181638815369,1.7467422826345558,0.019888581462482118
2.2710290442056755,0.5092398205412988,13.0,2.8568680501598878,2.281435666575306,0.0828076332320982
4.206216098296617,1.4459432516168238,9.0,1.6156611856769676,1.0131394918858325,0.027874693459751496
0.8827907860028805,0.9482957523800483,13.0,1.4707338049108523,0.09175450171008406,0.03443986749518624
1.5973947008421059,1.463200928460285,13.0,4.866456221756975,2.0240068987612627,0.06846074934661187
4.072035173600472,1.0251514962282355,13.0,1.6436417104486691,1.0188072438132736,0.02658826894241517
3.2068290460710664,0.6573866787913458,13.0,3.998740126767069,1.7004596502604115,0.03348146723957543
2.676257038545043,0.738114349394924,13.0,2.710165621720763,2.1679999999999997,0.028176540513664118
4.030013168001613,1.8199396459769859,15.0,0.3396315278594297,0.11078279694139341,0.062062294649737386
4.09554209497887,1.0843543905685304,13.0,2.9725754379401934,2.362538241985893,0.011620790129663137
4.21457527235672,1.0682032018503993,13.0,2.936070978482574,2.3339790110860643,0.008629193240946676
2.289583035960082,0.6742991887469517,13.0,2.853898803184685,0.6716567816400644,0.022847394636555572
2.2427367419968727,0.8795344474590483,9.0,2.858587370725179,1.2189827566545413,0.08053938350036749
1.56094135900329,1.4791952854117443,13.0,4.91816782580841,3.9126572004308087,0.09731566156131391
2.1235765818018497,0.8620625563632306,9.0,2.9049808888563637,1.2366564840796626,0.08765424372151838
2.8478739646543865,1.0406308080183517,13.0,4.154772150665513,1.7854623976941504,0.030190602355269113
1.0111240804198687,1.7769418398746732,13.0,3.3569049062117635,0.8128646567149964,0.003677027705423657
0.3977863037165996,0.445157964380365,15.0,0.5520485533227469,0.18882032515250224,0.021409624264164578
4.367276862873399,0.8072006374495873,13.0,2.884977237059401,1.226068092648502,0.059435051622529024
1.31272094004659,0.5496182460821456,15.0,0.4757657795766385,0.04111030419615157,0.026319827309171134
4.466708743656768,1.0535968295484803,13.0,4.114485568577958,1.7584541062175043,0.041385365441935995
1.0982820634396406,0.6888095804409576,9.0,0.47960846364012955,0.2023917263417609,0.03156742099054093
0.5648847747332487,1.453052935754063,9.0,3.610493594794945,0.862811344441299,0.002979602036001181
1.3944198753674422,0.6456586654001979,13.0,4.149543221742253,2.5242795453871385,0.012563503193126213
1.9440223586758036,0.7265002211984606,13.0,2.973386136991149,1.2768447594753733,0.07766856463746674
1.2110956825685066,0.6536334874121735,9.0,0.4747048880162102,0.19496281748502517,0.045664551412217744
0.887730590090171,0.38477818659167595,13.0,0.4986730560827867,0.21874517412815053,0.06039082963467185
2.151862506504116,1.506536724079915,9.0,2.045984240251822,0.5047129378314309,0.08320771235746037
1.4468177479335393,0.9542609663908664,15.0,0.4681627377500896,0.15228312021988147,0.04128323107826356
3.4801524954166636,0.8828580214888,13.0,1.753926552864528,1.0860507318967143,0.031679880733163926
1.6177929942396532,0.4016023445810561,17.0,4.009563860458989,1.7031596511474745,0.043684894236851776
2.7164192982410653,0.6088323438279049,13.0,4.240383025496978,1.8019392911525032,0.09098897637574102
0.3792749902735328,0.5146738276848946,15.0,0.5551362830532086,0.1857901524790292,0.024753220300140006
3.986217517294609,0.5955778061366109,17.0,1.6672113753762476,1.017247731218144,0.028117926332821716
1.6688326201049561,0.36596681097526074,17.0,3.985,2.4408125000000003,0.05935561888326084
2.0380279231027596,1.289157956142357,13.0,3.7534707788475523,0.20586743830384396,0.050135710861612316
4.222968996360339,1.8787954350812552,15.0,0.3158032419819191,0.22545564232123916,0.06977536679078358
4.8610369354859975,1.7441482668381179,9.0,1.5109857326172875,0.3740398817947515,0.0064865204289432064
0.6034622928834876,0.9855735644415548,9.0,2.5813883361196104,1.6066512925192484,0.07076414169010946
1.4105697642316288,0.9605779556754903,7.0,0.45698284512154314,0.31368573703620845,0.04351149386818974
1.0096265517748575,0.4917844292588751,13.0,0.49516765356028186,0.20659489478465942,0.024230985801767878
1.6710260347821142,1.117999842161899,9.0,3.0999922696335793,1.2891822465307465,0.0747890786742301
1.516819786552278,0.5386592131218797,13.0,4.0738540268155905,2.4883237252014743,0.02599594414029073
4.14817407121004,1.6025265619863394,9.0,4.235124306035057,0.22282849807106705,0.0482151445154874
1.7086138512582127,0.9740421283573497,9.0,0.42875091356263284,0.19735249626545862,0.04095360409955943
1.4849432599588572,1.0573466741103321,9.0,4.969321600747052,3.067943072690845,0.056022201266555945
0.7774307191997089,0.577201902036529,15.0,0.5193095404254321,0.1742741636881062,0.0274154282873151
3.356887932905629,0.7124646973456391,13.0,1.7837731231861895,1.0961315230575832,0.02239882950574102
2.096529470199588,0.7334270129635508,13.0,2.912426306624716,1.2521305152086932,0.05737358886253385
3.5112198972402884,0.7605784529258705,13.0,1.7516782390682586,1.0784943683123995,0.017023239391163052
3.3483962617942455,1.3039314132341526,9.0,3.931101181680942,2.397811542952666,0.05098930206337981
1.6416113351935515,0.6520903783590669,9.0,3.9930205974553816,3.1944885134273884,0.05209576537851285
0.42473355197753637,0.8055151331320082,9.0,2.662792832367374,1.661967461220996,0.06327008716824833
1.0333299229260584,0.9837270954214836,13.0,1.4369033321740214,0.08767749181205792,0.03630372560210718
3.8057911109416165,0.9025525190088968,13.0,1.6938911149523335,0.7313671609979179,0.028807705452799544
4.804424891707204,1.0248836420328669,13.0,3.981201336812388,1.698593520438027,0.01914829920866514
4.608070128468667,0.8434977208640487,13.0,4.0634222704539065,1.7295659980766223,0.02768543516218467
3.9964836854429167,1.607643126915437,9.0,4.971244102348722,0.25777698477957717,0.05176332163240559
2.3449988747563997,1.6440279179067352,9.0,4.401107223910329,2.7197764484361877,0.08454681792321964
4.552301865581174,0.9359152630532716,13.0,2.826353577207279,1.208199499558156,0.023704637566288028
0.5722867302164504,1.0482521400635885,9.0,2.5906371294102253,1.6166780825002318,0.09922351619262804
2.059346331509261,0.6650557868773553,13.0,2.9305080943060884,1.254866153603037,0.061361021230263206
4.509992974589764,1.2932098105845256,9.0,4.093208765738123,1.7505183720882913,0.027835142030489694
0.8808095365176046,1.5152708876161873,9.0,4.444363632625515,2.700140932757431,0.0982915509669848
3.08660069885034,1.813665702249288,9.0,2.57281068256346,1.5636926890465872,0.06936651557716475
1.7045495054373436,1.0080827632532483,15.0,0.45132856309769614,0.14708871335920107,0.04276141693540603
3.2135136609902015,1.4156217739597474,15.0,0.35314632994982686,0.25151982266934736,0.05717501964432484
4.711618319802616,0.685701022361688,17.0,4.025,1.7106250000000003,0.07330636427355834
3.5683177355842832,0.527080617164631,15.0,1.7456820279314107,0.36594593749363447,0.06975977170590972
4.826450685337185,1.3360796469365062,13.0,2.7432585522126796,0.1456588782417628,0.029892106243015013
4.040317318644497,0.8629197050381003,13.0,2.986194477975361,2.3868640774920005,0.02529777443556382
1.335565076055216,1.8425736590487225,7.0,1.3567584591637962,0.3338304701680392,0.03183284138659622
2.8902411221923314,1.088536531450156,9.0,4.134909283280239,1.0041984339012129,0.03342353895087019
3.2393816289588195,0.9578990029200006,13.0,3.9708654703192354,1.7037938544280473,0.010499164052908735
2.450162862900709,1.3642714770351159,9.0,1.9712082617090574,0.4888300148602606,0.06243132608078408
3.782795233002183,0.5704277940155652,15.0,1.7050000000000036,0.4032845371652658,0.06890741091672296
1.7423638985992898,0.7300634770341194,13.0,3.925330685108567,0.20960642702504956,0.0048664447445782855
3.7497384599055392,0.7126888928605227,13.0,1.7086202643733805,1.0479024113184257,0.027400937833408124
0.7404518374323851,1.3051737930383822,9.0,2.5152668158525064,1.561998511098077,0.09319298235515869
4.4339953386608855,1.2957905569540265,13.0,2.851428417667343,0.15304088619039685,0.015696834677172457
2.212352716502996,1.6146242137751403,9.0,2.0251807059685927,0.5046110289060106,0.09552845479300778
1.4685016471496206,1.4474094039115784,9.0,1.359885263642927,1.084,0.043797424840879284
5.020497304429841,1.5473139084692469,15.0,3.887446466970551,2.465660446153877,0.011567371770284319
3.1145069935324714,0.6822173927533266,13.0,4.039340373208356,0.9579025955318479,0.0218359984017349
2.068343284359609,1.230205198770875,9.0,3.744315389971284,2.3174003723784677,0.009967543822890702
0.7427802505144036,0.9562057313683263,9.0,1.537443727279201,1.2008243275853847,0.03665825062665788
2.502188441604535,0.5967138804775374,13.0,2.772799355311597,2.2144553733515204,0.04925218511232336
0.7502034774533052,1.060916765521196,9.0,2.5231709421075856,1.5602351868942332,0.07561562635862402
2.5917142225196343,1.0409444756301856,9.0,2.7297284984846577,1.1684947993148498,0.058211739709962504
1.9525752178567104,1.1772273017307684,9.0,3.802209957430253,2.3573015992645954,0.0183538033831327
2.467781807535204,1.6884254956327653,17.0,4.34951787912856,3.4529531260444184,0.07906538166834391
3.4549744658346957,0.9411245055218348,13.0,1.7573430155325689,1.0906545515736732,0.04124216023667422
4.63761663278171,0.7154919918686832,17.0,4.055,3.2439999999999998,0.039937823872442116
3.7680174643741773,0.7574468002232541,13.0,1.7039560327576353,1.0470096089611944,0.017490103665860977
2.6142879470491143,0.952674498440639,9.0,2.725615715263885,1.1630304611099032,0.09182887819241714
3.9175865650773494,0.8267086800399828,13.0,1.6746253066736627,0.7220846065598913,0.01530229659850976
4.950265981700183,1.6029669853190838,9.0,3.910753639657769,0.20586689652418236,0.011781745751293897
3.316035426959194,0.8547440648701636,13.0,1.788748957099094,0.7723408702887793,0.040215869074117346
2.722472799646681,1.2323380155965769,9.0,0.3765531548805643,0.17082173635789738,0.04579556764178553
5.005546715849972,1.5937346537451778,9.0,3.8938729786007364,1.6670325530869416,0.019437338338917125
4.004831969728835,1.8193398375506997,13.0,4.956265127825669,2.122176589933171,0.0326407343331744
1.4477122765797137,1.3112385952091918,13.0,1.348087917945116,0.07943118976071296,0.04639654833722269
4.109052767589128,0.860168981640189,13.0,1.6414068565842108,1.0108570893779423,0.012376395572325102
1.3802067759863021,1.1019329857242166,13.0,3.2039401601195445,2.551254072776404,0.07373737586697343
0.6627996676321506,0.7755319116321439,13.0,1.5261632065038069,0.09418627181018838,0.01613140047893707
2.4220803720863864,0.9224550305663776,9.0,2.792144077636619,1.1920008141940852,0.07498080054306636
2.7585581665909604,0.9920516789030485,13.0,4.201646494789756,1.8036281676099954,0.03260682578384652
2.5787992937704645,1.5560212306394507,17.0,4.295576455358649,1.802386487495575,0.06632789023651971
0.44636236638014226,1.0242259922745416,9.0,3.7063816837226775,2.3048365576587435,0.025755319842008857
1.2766631525196146,0.38373070641355994,17.0,0.47,0.37600000000000006,0.08047450864860822
2.785113757796382,1.7843030902929882,9.0,4.946983900719897,3.931653339607618,0.06253356247636996
2.579674375089992,1.789310986797089,13.0,4.287778808045129,1.7952224137527162,0.07363516179700767
2.072525211665936,0.4991881140794901,13.0,2.9327691793139605,2.3414666690727337,0.07328643535936046
3.0035128720947175,1.0453957634254798,9.0,4.081274378637208,0.9902557408234033,0.026244407708113596
2.7375389209809406,1.4337071169357152,9.0,4.966436299931177,0.2583945792634799,0.05995978552480401
2.4481740357313475,0.5288094589286095,17.0,2.79,1.7088750000000001,0.059622862252985985
1.272728038019997,0.6393902695496354,15.0,0.48046426343324794,0.1624924014827396,0.029617255481922133
2.12466238822356,0.9273344805185327,9.0,2.900429395046651,1.2399364147217646,0.0738872410332179
2.4227122254635067,1.1418850786897816,9.0,0.3910731228600486,0.1773120930451312,0.04370692660537189
0.8327885023225738,0.7865057258223384,13.0,1.485867285068677,0.08903989827212239,0.017065911527873415
2.7722405563496624,1.4707841037359342,9.0,4.964995803202395,3.954051782327093,0.05264904474286221
4.141575732214552,1.315346544720238,9.0,1.628578337719159,0.40086034559329414,0.017618116957843887
3.354106155521146,1.4071263418381628,9.0,0.35033894962245904,0.15710624733616732,0.04908723099818847
2.587289515859637,1.1996872934799387,9.0,2.7255421229839487,1.1721024162494178,0.048376201301134424
2.0739422809882213,0.5519951079057733,13.0,2.932277555023529,1.792292626993722,0.05178106378231761
2.5842691161282265,1.6606756616840248,13.0,4.269074821433699,1.8112114259851184,0.07931679537090272
1.4592283197007578,1.8263055558466281,7.0,1.3355633218721505,0.3926964596293187,0.009120865889833551
2.543580025122829,1.859852646374924,13.0,4.30332353266367,1.0200655159211447,0.07963296552735458
1.869566586770656,1.0345762912067311,13.0,3.8473903895501764,0.21069749841138521,0.023611901908843623
2.120664078245885,1.2854434654686555,13.0,3.714393162206523,0.20051094424915275,0.039016064316593234
3.2034238224452705,1.8222345187486022,9.0,2.5239660044909287,1.0800285325794166,0.051748386435263534
1.22643409676288,1.5036445787264403,9.0,3.262941490264084,2.0233008703802304,0.009850060797902842
4.950077593217133,1.5756153977678395,9.0,3.911836734841815,0.20523995368662426,0.013570308034677797
0.7560178612664025,1.2327146793110753,9.0,2.5131057842694284,1.5577206485188815,0.07936166620042887
2.562119971336327,1.1002396939940835,9.0,2.7372965491736,1.1744359147271872,0.048355888428485025
1.0303467375481055,0.48204988147870337,15.0,0.485,0.18862677860318533,0.09767136763218182
4.113046861318415,1.5459559610494782,9.0,1.650744960541494,0.4127939312236031,0.040148338511739455
1.250681530577469,1.205478741690068,13.0,1.3874275383012753,0.08490247475444154,0.054664062926686
0.4722578754603682,1.6615321875751718,15.0,0.563465743463071,0.2824809047114883,0.08528881953740369
0.8875970722326739,0.5585128841009954,13.0,0.509655527565789,0.2032233789326552,0.027078639760402007
0.547786973322602,0.45628790814017284,15.0,0.5377939281710267,0.18480555959919057,0.021982760401491497
1.2367750509905657,1.392738146281909,9.0,3.2627717096311426,2.0235763031189777,0.034138760089957775
3.0909343282957282,0.969232095356442,9.0,4.043454501861195,0.9775504412262283,0.03033788227205441
0.8179320525543456,1.0019543097419132,9.0,1.518118738575828,1.1864005317295534,0.0380275254705221
1.1898085629871367,1.1063664102661805,13.0,1.401811448451082,0.08502666668967394,0.04485022125153135
4.088431441284463,1.77101821403215,9.0,4.27857377153433,3.2224161795490462,0.03787354252134169
4.661807663690632,1.777793067943513,9.0,0.3070896314407993,0.13350701965773415,0.05623468641233522
1.400617511128522,1.6765206420557421,9.0,1.3769453447273812,1.080416792794674,0.06492207603133776
2.733611686664041,0.8987357766867494,13.0,4.2178793479851535,1.807435369746063,0.030796518120167753
1.1846275642510244,1.131418517910743,13.0,1.4022259490123032,0.08578148193839068,0.04877134849223315
3.178744306719087,0.8549803368517397,13.0,4.017644367722615,1.693290057403943,0.014034992398302346
0.7922118584758661,0.7409482828054712,9.0,0.4915459126567235,0.22748403888856558,0.03413070714998921
4.814433907042034,1.4213437466859713,9.0,3.9691562591855596,0.9508896449436132,0.019768143420758104
0.734910932120917,1.177414724727797,9.0,2.5232250092624877,1.5647867473827752,0.07663884662851424
4.801762456036308,1.7313913334715065,9.0,1.5204180565304575,0.952404166267535,0.018210958456194654
0.7215203814724087,0.7311312007337865,9.0,0.497017119058308,0.23045114138520403,0.0339173875541717
2.8315457310112917,1.471042165040395,9.0,2.6419491688107137,1.1338128688771945,0.07505142854421674
1.4617638003603222,1.0421271204648062,13.0,5.010085593584638,2.1693754554886384,0.048511672694926525
3.3118960686592467,1.6310112683373517,9.0,3.2163939938422335,2.571999999999943,0.07316650519749518
0.6218077391359194,0.3672542351188642,15.0,0.52,0.19840219982779742,0.021285889485174337
4.305361863727944,1.0519355656729865,13.0,2.895919050811823,0.6935032653233727,0.0503452853009774
1.8175521584610512,0.6491356225553228,13.0,0.43592371486773485,0.021750000000000002,0.04866941940748949
1.6127681370825984,0.7826642182336628,13.0,3.994384383653509,0.21661194990060087,0.012743701775212831
1.013026118333713,0.7228004135448992,15.0,0.4748471378911338,0.33697528989821707,0.03504633161890008
2.9170665353750485,0.6626339182699813,13.0,4.136644198575999,2.541454121746522,0.032309006024595854
0.6306970770612499,1.837989990396463,15.0,0.5462377880656143,0.17063545166139196,0.0937173719990421
1.5908689836738947,1.3187717913916615,9.0,4.883495716001037,0.24717317255622975,0.07550571045785598
2.246529440515453,1.3214857433937315,9.0,2.026934497567494,0.4964055542544352,0.06379209552235036
1.8038862089017782,0.7801301787387316,15.0,0.42380724397112496,0.29721148723271645,0.03384405189516209
2.6168272426116315,1.613103341155347,13.0,4.253979203862338,1.8047281183906105,0.07414089111102147
3.317014062158336,1.8416324355313092,13.0,3.2000081546515866,0.172914912455925,0.049914048421057414
1.1020161691252466,1.539783168981532,13.0,3.324245275855619,0.7687898549171541,0.018098522691104377
4.599962219772419,1.8600122180294774,9.0,0.3066311693073017,0.13718987055258228,0.057800782070355994
0.3752685517184118,0.7502766251505386,9.0,2.6861405715843545,0.6600138915895276,0.05555936679721894
3.0185635556095796,1.3923418889806536,9.0,0.36196067857377373,0.16641943683628718,0.05151285462364503
3.3907397106340302,0.8189266339967327,13.0,1.7738481077333272,0.7659219141960311,0.02271562948702302
3.2617245401743684,1.2665805091752007,9.0,1.7896566547355364,0.44539800503817867,0.028951854004784065
4.968758681396023,0.9091802732338236,13.0,3.9226057951042526,1.6687230727490658,0.031188247181077586
2.831215225953105,0.6100576767274473,13.0,4.181500761056081,1.7770329496012025,0.05991275430167119
3.476427004390862,1.1345228157318026,9.0,1.75225246168486,1.094158405793681,0.025297069395944585
0.44450230935798807,1.6674117057539635,15.0,0.565605402912931,0.28350558267721676,0.08565349302396608
2.7818668863255023,1.3205750682232922,9.0,4.948594109315878,2.112618796259564,0.05539478271492824
0.950503084711802,0.7682554551685489,9.0,0.48019060738952113,0.22066868968834857,0.03464406201601222
2.60620369691684,0.9936506607264416,9.0,2.7268591911090265,1.1650013481853103,0.07349451739053621
4.135836439666088,1.0412004412236155,15.0,1.6475996499327181,0.37683589573833765,0.01216396635608664
4.550529572127134,0.7710658559130025,13.0,4.088544355926697,1.7386742715782963,0.061298801205831324
2.3270128183481313,1.1616645859388015,15.0,0.4150887329768412,0.13571103859329126,0.046824621416879944
1.0645623428157138,0.7611105513488988,15.0,0.47092287492810975,0.33494425511406367,0.03705288166181586
1.3346379802313018,1.4183994321269107,9.0,1.392330812448673,1.098295966661489,0.05549382028951344
1.9229262122393462,1.3024605675567182,9.0,3.8385224011861614,2.3302021148939818,0.08524689510651595
3.2476011340031987,1.5062650093932672,9.0,0.35162052446770276,0.16289349281278234,0.055232613945070536
1.3016572460569338,0.7073907632491339,15.0,0.478884880537011,0.1599791088507352,0.03243662384550747
3.268216958009431,1.061124043533815,13.0,3.954949006248216,1.6712601686553272,0.00598778562689599
1.162751454888847,1.8343280579634098,9.0,3.2764136189073394,0.783519843375633,0.03598389305048949
2.815741304988918,1.7509219796821147,9.0,4.9290251491717765,3.9211732834079567,0.06985889380529127
4.574111965981632,1.3248721138630666,13.0,2.811433949971547,0.1507283762650042,0.020879590405037726
4.496187901499767,1.8679690900523893,9.0,0.30900297491012213,0.1396740276221551,0.058613268006712536
2.903289762774802,1.8719684371528331,9.0,4.853669991995067,0.2483899536453854,0.08544052095499827
3.556236872455863,0.891605314286537,13.0,1.7535778962868431,1.0847116273597948,0.0570380688554845
0.7139129091802727,0.834767503880835,9.0,1.5433561869230046,1.2128064582305207,0.03543802033125762
3.880153825658061,0.8117736013052097,13.0,1.6849796885515953,1.032011721378988,0.030756772704200318
2.898434528512164,0.8647832303597415,9.0,4.139976875980627,0.9986255792770624,0.0770962343232381
3.3232345565652084,1.457202519323242,15.0,0.3487056961849314,0.24833557080262114,0.05825282596188651
2.0720202850438167,0.7415702488135927,13.0,2.921582993660181,1.2565102718736942,0.06034364591939821
1.112389120806787,0.46529858230130333,13.0,0.4806969036829794,0.02739866694668336,0.023587173713583383
1.0209965151678704,0.8695980697379464,13.0,1.442476915771823,0.08502996776337894,0.02073728535036224
2.389593820801381,1.5269766516967798,9.0,4.381740976113244,2.707074629334281,0.0756566330538427
2.2002175229374314,1.4111984702682534,9.0,2.0361055119096854,0.5006992070063242,0.07242872031153982
1.3759146550434704,1.7248636074644779,7.0,1.351289482414053,0.3317870200796261,0.009044346186692049
4.971464150635299,1.758268835492302,9.0,3.8987277641397573,0.206969657653597,0.006617611706891318
1.7377651987806926,0.9725705537121775,9.0,3.0708969205226593,1.2849859906236085,0.0966491834467714
0.5699888802732654,0.3623841827141697,13.0,0.5250007484718217,0.029015356354699907,0.03923973752715317
2.900304478263447,1.183561675732737,9.0,1.8695463421218501,0.461721768419535,0.03836186921849074
5.019631968982504,1.1829246514714757,13.0,3.8960141703050755,1.6647674960796883,0.02385165035679562
2.407278320376876,1.096001925449029,9.0,0.3933485226850312,0.175734132408032,0.04205250846960253
4.871975143840721,1.3915542662847487,9.0,3.948445957693027,1.6888769431779338,0.018697115173139694
3.9910330321580854,1.8106888768048714,9.0,4.298287064432473,0.22727590178869417,0.06717889632670482
3.8573085309547164,1.4675817371822575,9.0,3.0255234611679396,1.8735114595749656,0.020959706410276332
4.1132154126578415,0.929744093961508,13.0,2.9551548343559984,1.264950713370128,0.014406982870728582
3.2438106932061603,0.8026584770747038,13.0,3.974312313158189,1.699487879358429,0.013421362889708214
3.7814018871776685,0.8739072260216258,13.0,1.6984719951910174,0.7334083539843693,0.02040965571270175
0.32907372699973464,1.5302053059176448,15.0,0.5791719354993153,0.4009367519397793,0.07911000907845694
1.8487594905916391,0.7585715079676671,13.0,3.0290218202863874,0.705566761900525,0.02474318469286476
4.884250612118917,1.6051338338615937,9.0,3.9347913051304073,0.20823256913821597,0.010732316744145168
4.004356014595662,0.6095044392617402,15.0,1.6650000000000267,0.3936128378185145,0.06122167731872741
4.551512039902419,1.852664943983297,15.0,0.30555007819065527,0.21710543082048067,0.06545520730175713
0.5047306455372649,1.803118638522132,15.0,0.5568602610336186,0.1736890845260107,0.09291157758841476
1.5209435678500225,0.34952999622777564,17.0,4.07,2.492875,0.059227693744981894
1.194721912719092,0.5746862132634663,17.0,0.4643342090358468,0.3626251891084653,0.026186733881856935
4.145460948791747,0.8938798659385745,13.0,2.9460147093070024,0.7049561513268816,0.017437719393134606
4.889053992296295,0.7881602187762947,13.0,3.954699453560343,1.6813820644138324,0.08528933059553918
4.326225248125494,1.2411220635611593,9.0,1.6004725660315164,0.3907467402825461,0.03351249587379855
3.1198192171556154,0.8224274119575019,13.0,4.030629353283825,0.962399771447531,0.030330721510679934
1.213023446153368,1.8710796410769233,9.0,3.281898279445244,1.357796436725206,0.06819714202846945
0.5287830280887569,1.0009930195732324,9.0,2.609819548528212,1.6311034444030805,0.09915006005667794
4.694638345485285,1.7182597757563671,9.0,1.5357605174552096,0.9635433709668434,0.0227360666851001
0.45788044294109004,0.6156434246472083,15.0,0.5479000792702345,0.1802177246893717,0.029295831715654322
1.525097993330103,1.5665172711204813,13.0,1.3282648166984816,0.08044786598046962,0.07622297131767697
2.0769652538917245,1.4936465142599171,13.0,3.7266233108596802,0.2058862034364061,0.07084597603058002
4.359104502526793,1.5061708654534303,9.0,1.5901757793526923,0.9969772257529783,0.025105096955340436
1.2428239306703575,0.49268157280132296,17.0,0.463270804603077,0.032314096151232916,0.02172961698490697
2.2060687569673574,1.1551178348086797,15.0,0.4215403554365677,0.13747761934144126,0.04677398653788759
2.2529529347537007,0.4828891087009991,17.0,2.8650187496174495,1.217671874043623,0.05232866935294497
4.924786315811755,1.2328973161327168,9.0,3.9345527816570764,0.9356981282403615,0.0321349266486769
0.41830809944834296,0.9470065177808549,9.0,3.7267866978596946,0.8936248694574641,0.013455182363501803
0.6272862745042318,1.7400280534085184,15.0,0.5490326141564956,0.2753416185144185,0.08866783079607865
4.251882912983758,0.6233288586831127,17.0,2.92,1.7885,0.07989298943468534
2.379695604555694,0.823841449039617,13.0,2.822470086485695,0.6583068794628893,0.005413298712383658
0.6503876189861437,0.5017801835944347,15.0,0.5293952880338401,0.18020373105733495,0.024041035377186683
4.725592945912745,1.4215202909138198,9.0,4.003593123310076,1.7140235798799532,0.024870039303429327
2.9598794633217396,1.3719852668790997,15.0,0.36385339515839393,0.25953654360250555,0.057166686195917735
3.223257959113675,1.7373314269645594,9.0,3.24583343484689,2.596,0.09181241294540582
4.370570319280786,1.7313542089718859,9.0,0.314716383104611,0.13944768386301337,0.05515896237686858
4.867404219326023,1.368765460577648,9.0,3.95113729796461,0.9443297530424314,0.017426853067062986
3.981671518438912,0.9995302122291994,13.0,1.659556969548417,1.0286220858047004,0.027515622929429853
2.9906698142344186,1.6806763337558634,9.0,2.589224087579486,1.1094741490228373,0.08658132866088931
2.7651286212074893,0.9972361126476437,9.0,4.202366857727151,1.0163423190873742,0.044220778062642546
4.812925965164878,0.7601422428068736,17.0,3.985,3.188,0.07537153071655736
0.852587933384083,0.43282289441890215,13.0,0.5004483044629648,0.02874673085395907,0.02113852563033107
0.8951652538690129,1.6719221641084596,9.0,2.445167219137386,1.5054014796123796,0.09441955295494278
4.437748759051,1.5148200903721716,9.0,1.5767558207951522,0.3908778408655398,0.010406263758460632
1.9707407902294503,0.7785757166748196,13.0,2.979481260817964,0.6930499487878717,0.014785094554486924
2.1521435413450978,1.5372564934801976,9.0,2.044615903419562,0.5054969781048547,0.08692332831559783
1.1006387522055088,1.3039732170469165,11.0,1.4470413988290696,0.1402927748147458,0.029038838184505474
3.8726438441845485,1.5058896592321052,9.0,0.3330234430975652,0.1453723225128993,0.05093388827684045
3.353996114834505,1.1301982408807036,17.0,1.7926872782644954,0.09148643359210841,0.025707531533073737
1.58448936689355,1.212072662721451,9.0,4.894778504587249,0.2452644684305603,0.06917921782049274
3.1185265264064532,0.7705083985367053,13.0,4.0455786149614825,1.7080781677200407,0.020173301161154004
3.213130597110003,1.6093187571050644,15.0,0.3714979756776926,0.048013608523523925,0.0585214700616431
3.0104574560797666,1.3753877427434,9.0,0.3626411825923883,0.1661569556421861,0.050592871613294274
1.565037541363124,0.4135260108425611,17.0,4.039613155401425,1.7160328885035638,0.04628770567373998
3.9994847315690363,0.8828560340833885,13.0,1.659251780709904,0.7164545610967507,0.013724598444381057
1.27902778116141,0.6546296610154201,9.0,0.46979101770808024,0.19328082579182254,0.052997981608539746
3.7269883695524424,1.598132402152702,9.0,0.3347406197525137,0.15214341159412026,0.05400568170888355
2.7449211615961433,1.4310760938300162,9.0,4.962389124256654,0.25773749027032405,0.05975008209346913
3.9014651506324833,1.138540721595091,9.0,1.6748187326552462,1.0417956499891419,0.020471108178130522
1.2063246833649004,0.769765741896092,15.0,0.460935864572467,0.3271806614336,0.03679275396223909
1.51690896543888,1.529290722741724,9.0,1.3487677844635895,1.0759999999999899,0.044317602922166105
4.309597417952355,0.9553514264608943,13.0,2.8955458585086453,1.2393579701123696,0.017487903827255905
3.278353008215062,0.8318732674236723,13.0,1.795745051997608,1.1100263380198048,0.028620098242446098
2.578687218248989,1.6279003561593632,13.0,4.273343168131841,1.8427491379566534,0.08563814702424213
0.5466434854335331,0.4211695868004182,15.0,0.5365522660750919,0.04698086237358706,0.020653445259165442
3.9534783974513714,1.270447986150335,9.0,1.6610901136648002,0.4092932802794651,0.01916635273249959
1.4667736904548883,0.8524084027213072,9.0,0.44668156813686755,0.20061826391106702,0.03600076275233074
1.7669132183711982,0.7170022671047896,13.0,3.933542218245527,2.3939135934496174,0.041379869029805755
2.065793893178083,1.27760091256973,9.0,3.742502798479941,2.3192802483324075,0.007161503816306073
0.5641723583093547,0.7866594648412494,7.0,1.5650000000000261,0.9545730801555898,0.07348666659656505
0.596421262494648,0.9544690305774689,9.0,2.5855716519558594,1.6087273658322494,0.06642282204760927
1.968437229027663,0.8917323689790724,9.0,2.966481841502939,1.2604540832861193,0.09303310146952823
2.145325276832117,1.1029327176938402,15.0,0.40328633963148475,0.28764834466857614,0.049562770915147644
4.461172734515807,1.6205297964869099,9.0,1.5717117393140925,0.39060594573518054,0.007320687552547839
4.77256451692613,0.7218179166681028,17.0,4.0,1.7,0.01600886314204371
2.857702079394898,1.3169576118914597,9.0,2.6523671858153657,1.6141311914584375,0.052845094554517955
2.2632746187799553,1.6600882917261426,9.0,2.0100515546549684,0.5031048998233681,0.09904108854654842
0.42296653977203885,1.8445718535670752,13.0,0.49833832369273734,0.1236357226207603,0.09512753217696186
1.6373157866062356,0.5209833035554317,13.0,3.994138278919914,1.7080229025698004,0.021906231659969227
4.603327527915457,0.6001353987057463,17.0,4.07,3.2560000000000002,0.05011548319967078
0.7523314951474445,1.0417134693640089,9.0,2.5232972371635496,1.5595660036234684,0.07790312944067806
3.887035095939319,1.4815587309323983,9.0,3.0153283612416617,1.8680164588004153,0.023391834195323695
4.805951225840997,0.7254147117225043,17.0,3.989126000420957,3.1898150010523922,0.03345191091025025
3.232077169804742,1.7747331703881983,9.0,3.245051225201527,1.9874344369961827,0.03303069032287917
4.116185017588399,1.845023923270826,9.0,4.903621817830522,0.2522290665057765,0.06520553785442276
4.941223172092281,1.4302703269834076,13.0,2.7119178996532742,0.14418947883483238,0.03469985820185561
1.3480263908323804,1.6951667476138674,9.0,1.388800404177257,1.0854209987608083,0.0609504389681462
1.2254386264700534,1.1521568928683754,13.0,1.3936237548856627,0.0847219433412458,0.0488950842752628
3.8163437576408237,1.0211598181119521,13.0,1.6881371856408618,1.048228979697463,0.03644590598823566
4.055254587408933,1.0867581767879733,13.0,2.968649514650761,0.15667973910018407,0.00966669612616658
0.3936195737091928,0.7113489448858624,9.0,2.6810403641497675,1.6700323638123984,0.046028810182280895
1.9551792373495163,1.5385040664598262,9.0,2.102335760035796,0.5116604700868859,0.08562796720469756
2.6114561422245273,0.7749200074849476,13.0,2.7388553473345705,0.6445767343022797,0.024247395867186508
2.2202529316708257,1.2680273719201507,9.0,2.0367752071894563,0.495429764230619,0.062354014259837755
0.34823559226093953,0.4560520132836737,15.0,0.557271894217108,0.1893719828537488,0.02195898167677502
4.017628718963672,1.411598259810873,9.0,2.9763019067254186,1.8416439922598424,0.022711980673752907
0.43746681107136437,0.9483188976268832,9.0,3.7153407254515716,2.3107542641633776,0.01045232874339718
3.6510827654142655,0.5764830341630036,15.0,1.7300000000000193,0.40874124340748375,0.05198637270626123
0.9439414214418725,1.0300680330884635,9.0,1.4859984938981212,1.1660192151858089,0.04088124409185584
3.5330292226706113,1.8637007620371313,7.0,0.3417182898875161,0.2464654732314471,0.06524425184861131
1.1384224253226063,0.3424746605280552,17.0,0.48,0.384,0.0762726540870974
1.833221555761782,0.936924761800213,9.0,3.0304066998265973,1.2701176888951866,0.09348245088929572
3.941358730615913,1.1889446016499292,13.0,3.002357917816526,0.15999817583805984,0.0019880283430090445
2.6295708963839584,1.8122492443271145,13.0,4.240601527009389,1.8009204585793528,0.08641857076971007
1.9314560495253494,0.850130991082155,9.0,2.97354271131144,1.8451897277663238,0.04184560206483357
4.61587756080384,1.8816046749138766,9.0,0.30580508041154153,0.1373909664347133,0.05835639736280836
0.8461778741107403,0.8550635137075935,13.0,1.481083377414175,0.0906281901140481,0.02486778411846002
0.6911999529747077,0.7411476290417495,13.0,1.5201525067561477,0.09217185505667963,0.01336466736440262
4.23968879438635,0.7010116876229023,17.0,2.925,0.14625000000000002,0.03873428804148246
3.5764563516764225,1.1642591885881408,9.0,1.731748315595294,0.42561448141487274,0.024345553278724286
1.1093882262598695,0.7225757308454276,9.0,0.4743961635746422,0.20754231300746745,0.03194721360872524
2.488249838650737,1.202283490855355,9.0,0.3867113962115827,0.17724837374687738,0.04657851736766787
0.6099785833864407,0.4275162517248426,13.0,0.5153359987894337,0.03656702368029291,0.019443515589787002
0.33874193134342706,1.6230899919614297,15.0,0.5756345188372638,0.28857483550259383,0.08390090532764863
0.48228606594171247,0.36592008250391184,17.0,0.5240886351016217,0.03495990902820897,0.016873706085786123
4.14558708203173,1.8824943849253877,15.0,0.3354246944896652,0.10933666590818218,0.06339701605787854
2.6196323387100375,0.5436707455880921,17.0,2.73,1.6721250000000003,0.037464975637989235
1.0179953845520981,0.4535832520797648,13.0,0.48813356649092926,0.21469821111265106,0.022070417171430455
2.8287930916961868,1.1852054626022814,9.0,1.88563719041509,0.4655407513985128,0.0404127031150334
2.2010407149355258,0.5732573376949189,13.0,2.8850577166489124,2.298420893063631,0.02983373220646766
1.087130514531454,1.147139287378873,13.0,1.422010068189998,0.08927680481465129,0.05420232706351514
1.3263549141566098,1.1607074268803683,9.0,3.2289523464618917,2.0030188284493406,0.06647320560486113
3.8846119205938807,1.0458879740101503,9.0,1.6806717801225965,1.0413057094375398,0.03350085678536626
4.189360993732529,0.5904814088325243,17.0,2.94,1.80075,0.04629684120091401
1.43312988619854,0.7107436075238144,9.0,4.1109465114500425,3.291999999999999,0.03470357351027599
3.680174652788584,1.8424331382937744,13.0,3.7775222369683017,3.0104017285814244,0.010162545594599335
1.6178467130871628,1.628545489099423,13.0,4.870077382936866,2.107858967566483,0.0967529334686739
3.444115908160334,1.61112757682768,13.0,3.1607213223950112,0.1701209217861176,0.03222812019556791
4.773932766517132,1.7519548165436898,9.0,2.751943892208612,1.704588235522587,0.06884745683768558
0.9084116218572643,0.7706681671985923,15.0,0.5085000510055058,0.1660621726594142,0.03526807752185757
4.458995484373382,0.8433022578244646,13.0,2.860297204941014,2.286153743921301,0.029792742415170145
4.398566547698929,1.8791217840427157,15.0,0.31020233649944334,0.22096490973606747,0.06813282662365663
1.2771423608969048,1.4172587532741532,9.0,3.242669111387033,2.0109725630497346,0.008287584616755085
3.100915173096188,0.8282755026420944,13.0,4.0387902439622465,1.7298153059510162,0.01597987977483813
0.571201370638322,0.4958625715576734,15.0,0.5365767381461071,0.1821624934672183,0.023790202445413803
4.202539055972595,0.7334771993979318,13.0,2.9343026022736693,1.7994998954374202,0.060629288161345204
1.7177935611586255,1.8486486282650383,13.0,1.2897097472042292,0.07551901411628706,0.07053000617404614
3.8520852333017346,1.7754012283739624,9.0,4.367750036350482,1.8680121494649016,0.07005352819863045
3.249035944694333,1.5548346815614127,15.0,0.3703111209617742,0.12052530351860762,0.056589145854738516
3.5891810759346106,0.6873943678304676,13.0,1.7392918137333886,1.0664071048332575,0.03207341650264311
1.732020742719084,0.4278534066052506,17.0,3.9499999999999997,0.1975,0.019129016713056984
1.4033036463039108,0.7571715567905788,13.0,4.116768936404262,0.22329050692219002,0.029232498369505422
2.4522895131854163,0.6262129736114819,13.0,2.787331431983643,1.1897130582115645,0.0631463860234445
1.5841380902989053,1.2674622873625792,13.0,4.886258064551544,2.0998766280510455,0.06046239265763652
0.6364024508430233,0.7809188734512996,9.0,1.5633292133895613,1.2293488505735133,0.03407053873432884
0.6651283070049975,1.1204355783942732,9.0,2.551508539412709,1.587229383877548,0.08287146544099117
4.893037830359795,1.223813692599318,9.0,3.9456972143809894,1.683281689330309,0.05230561884692624
1.5330745091005682,1.565861261368736,9.0,1.3458928403742074,1.0719999999999954,0.04892380450837152
0.4682818626443906,0.43310448320226147,13.0,0.5430409017878013,0.2223612046036961,0.02138387428859202
1.988684295894642,1.579875985065252,9.0,2.0904493725985027,0.5115904225498564,0.08863937288163407
4.862121731652864,1.7667572055655365,9.0,1.511347750158925,0.9465215591535767,0.01727842073122346
1.904764693016468,0.5193412411078335,17.0,3.0001012607420208,1.2752531518550523,0.06696624782517059
2.6635090361380294,0.6211170865715617,17.0,2.715,1.6629375000000002,0.06590134954261521
2.665324006002043,1.1494849096839124,9.0,2.701838258639714,1.1590675094062752,0.04738071825494684
1.2237858153738572,1.5680855599338754,9.0,3.2612496183592143,0.7788966256982732,0.008679194304104887
0.8508729384895749,1.0944532551833608,11.0,1.508069676661084,0.14438032365282671,0.01283330386660047
1.9219690173165318,1.174058467648765,13.0,3.8155926036625747,0.2103852838291483,0.037608911282155474
3.7741069771787203,1.7595537235513603,15.0,0.34902103203520407,0.11357954101049206,0.06099067254321773
3.9466382145084453,1.6250239933806123,9.0,0.32781634384341185,0.14733869800406238,0.05356650179474817
3.9258779244632644,0.891420199458502,13.0,1.6720166770956488,1.0323430689088606,0.01679758208895823
1.9122970027575035,0.5759751653844815,13.0,2.995765601503069,1.8322379302592804,0.048910597711024684
4.836488801492539,1.644745583264846,13.0,2.735336354521065,0.14839224565040154,0.03663423547516246
1.6975836074540238,0.6614411779721581,13.0,3.953467805157474,2.4097977688663175,0.006562959224889147
0.7128627904960175,0.6166561145829367,9.0,0.5080396077053004,0.21738631236032513,0.02864682043148324
4.979065734313413,1.8265962118548305,13.0,2.6954892013004037,0.14672345181362165,0.046373356386678895
0.8338586996769736,0.3625971618275684,13.0,0.5030350359715288,0.22059725979066738,0.08434552279593308
1.909150007067743,0.7707283862474579,13.0,3.0043202948456087,0.6991693144538,0.01892914379108069
2.057629886358002,0.5114807077398129,13.0,2.9386993764012486,2.3457202487321953,0.06067637383008039
4.015104553177648,1.64782843779423,13.0,4.957046372615873,2.1209514030528704,0.023189010590165197
3.1464462009183456,1.1306744642914652,9.0,4.0266179667245225,2.456950925505224,0.025008615302739415
1.4112989170018833,0.4673478736937072,13.0,4.129739126686771,0.20650000000000002,0.03661996947582062
4.916594826444624,1.4446419689907222,9.0,3.9303038745435988,0.9407090381662335,0.016733882045381288
3.01219498727671,0.758470869965993,13.0,4.083872610507047,1.745988851436475,0.018627687205722207
0.7036064503944589,1.7400907763737525,15.0,0.5432302111788476,0.37601994303154707,0.0883304149895054
3.4085172321649546,0.9066816760435932,13.0,1.7672709670214066,1.0957249372721523,0.03806413843236698
1.1421200248014325,0.8222577490063739,15.0,0.46524284761478957,0.33186866839989176,0.040261037929819256
3.2339505688494583,1.6588074890500686,13.0,3.2371471169882295,0.17021889722115124,0.026383033091889285
0.5720205372475071,0.5769623070705465,15.0,0.537427584915405,0.1788169663272169,0.02751956325548742
3.823730805806083,1.5381488940681196,15.0,0.3299167654450091,0.2340630757111368,0.05772763286090528
1.174150063858024,0.8471746417198568,9.0,0.46280356346219303,0.21456439893421303,0.037833167794373096
3.0432318989172122,1.609370819661879,9.0,2.5747452569254246,1.1032529945457055,0.05054058035695093
2.187448974291953,0.6973430342085071,13.0,2.876431306738526,1.746186816507653,0.013761814148323732
4.8734743066723025,1.7531258414872368,15.0,0.2965407672413832,0.20896616780139832,0.0581021536023299
1.7504922323187697,0.5372739916208848,13.0,3.9319192204742786,0.93893625608532,0.025858077746625872
3.008138043245628,1.4149908754273988,9.0,0.3617909105535747,0.16741099163860637,0.052995151872372186
4.232584041618264,1.8436113093514335,15.0,0.3155171613140475,0.22500739124180552,0.06811271526137508
4.575075112338956,0.950902767503141,13.0,2.828863431983548,2.2554938623259266,0.019379541333397088
4.081879153858256,0.6264464957136058,15.0,1.65,0.3475666626705132,0.046841649691990346
1.0700580513987255,1.626460813580511,13.0,3.3358003171650106,0.8082743337302595,0.011703812168428113
2.965636743863694,0.742605926046426,13.0,4.11724248972366,2.5187031653559706,0.022375661176612844
3.3333030108736725,1.2304984961680558,9.0,3.9209911724537965,0.20293058757974386,0.01507244272636363
2.77361002100828,1.1065101478021626,13.0,4.212167874146731,1.798621300194176,0.03499256506888498
1.19535493437868,0.9191026658507992,9.0,4.26696696488665,2.596158011659144,0.04002407973708606
1.8579572277706249,0.49889783066083826,17.0,3.0199999999999996,1.2835000000000003,0.06839484043369788
3.9767299977057338,0.8652807733166857,13.0,1.6635276918900157,0.7179824753859222,0.01347296840590952
0.7399650742367426,0.5847868550083806,15.0,0.5225898755868693,0.17484043627157456,0.027790948572579195
4.1755408061576755,0.9446286488031285,13.0,2.936017301241717,0.7031225430787558,0.01585984249703359
4.63033369324337,0.9564964525022867,13.0,4.051016903745074,1.727906141858163,0.0174773509878477
4.799777822123632,1.80092128218726,9.0,0.3037297419171503,0.13070464948976396,0.05716591211154147
4.151351576506249,0.8086892329857018,13.0,2.946827047406338,1.2573603704957899,0.037567200533328356
4.527009709020171,0.8046333311145293,13.0,4.097436119478145,1.7430814693005932,0.042920361125374666
3.3124824683874246,1.8234924586531627,9.0,3.2110538635607258,2.567999999999174,0.08839457667410004
0.8137393767076332,0.6544337176516032,15.0,0.516605319232339,0.17100000432811271,0.030700394094544423
0.9462710267230825,0.6212986442253707,13.0,0.5067607931778396,0.38809453552786616,0.030237134063507646
2.0153533026424832,1.4442663629649002,9.0,2.08830287029651,0.5076883818147703,0.07839812104196704
2.7970527737377147,0.7649766375854825,13.0,4.1908987844369525,1.7904867565805827,0.02514754713193788
1.9711226575600755,1.0198856089029262,15.0,0.41290644504535834,0.2939949335784065,0.04626991161856458
3.974139257481605,0.7143796906406579,15.0,1.67,0.3945977968268833,0.030927236402028747
0.4653576730310844,1.4926087514283068,5.0,3.662794207947526,1.4669743650740008,0.07029762599917319
3.23754587820051,1.641943336383028,15.0,0.37029617836267587,0.11994310296349316,0.059649556481264784
4.59564049603164,1.0794102643037753,13.0,2.810562428968035,0.14648572118690442,0.022302847998386097
2.235081303367209,1.5374597677149482,9.0,2.02179539427371,0.5021058847198977,0.08595985409838837
3.1184056820824946,1.4225198978347682,15.0,0.37640230263707236,0.12310665823351656,0.05323089081592514
4.358646347303298,1.750498938922703,9.0,0.3145467628171055,0.1402808075910014,0.055648162718369414
0.5133109765330306,0.6995564312444599,13.0,1.5653677601053937,0.09643170165168999,0.006869153942117826
4.545423973926697,1.2053000988468674,9.0,4.082267300693387,0.9734399142305042,0.027569626730075625
3.201699303522681,1.6318515584533237,7.0,0.35839169554445316,0.2519205024425319,0.05996000431582225
4.239145232751509,1.4993635827704122,9.0,4.2015917734343615,1.7987787877056463,0.05137567688568327
3.6358943956902987,0.6457243294313577,13.0,1.7314897528176336,1.059876102342513,0.05814666807162013
2.0768516930145386,1.062432716272936,15.0,0.40703889205766947,0.2900194751135996,0.04785053339402315
1.8225464115623653,0.7109947227615666,13.0,3.0380370728392028,1.2781076314181399,0.06255438433687312
4.447342080350067,1.58497415613631,9.0,1.5750297542617842,0.9882845360027984,0.02672091840021696
1.1431716098910467,0.8055576750429153,15.0,0.4651938946293715,0.33146372909732236,0.03926589047515125
1.5970613985420716,0.5309567300003877,13.0,4.017362741529448,0.20404449302115307,0.017082056130792174
3.9376353173886343,1.271760357578393,13.0,3.0020033024185615,0.16098143397363074,0.0027695278460772733
4.203909156690724,1.5790368081546429,9.0,0.32277930801978877,0.13871055054923528,0.05313741224235786
1.8870175831586453,0.5144261140468899,13.0,3.007526413292748,2.3998336424668545,0.062292554559485486
2.7515975561690023,0.8395457190749448,13.0,4.224267338068677,2.581294665242836,0.029603398747778484
2.3087681456325893,1.653588739503464,13.0,4.418727283092925,1.8359091037962707,0.08227137716738614
4.0277396671598025,1.7111987136583697,9.0,4.285771835746208,0.22503887485892926,0.05985100175565149
0.7795627669787237,0.9542638856272481,9.0,1.5277220162366751,1.1949988588777858,0.037377646631353824
4.16939869139344,1.0496265112856409,13.0,2.9344159928891353,0.15409185139452616,0.013373803274304978
3.584850462435855,0.9461398516472774,13.0,1.7322592005817254,1.0746802722460491,0.03690125962236191
3.20609005359134,1.5718464166045025,7.0,0.3603575761004065,0.24920796556971506,0.05959772833176155
4.934971144808488,1.1661729482013528,9.0,3.9309771363263897,1.676438428325151,0.08738199548321762
4.538254310764136,1.2307576936329268,13.0,2.8231516613415715,0.15025506300552377,0.020187523762304278
1.9734232083080938,1.2172333292811695,9.0,3.789828563125658,3.005118787240976,0.01259996428997171
3.3599202602121183,1.5332966923307818,9.0,0.3474478928004348,0.16030234304187357,0.05534337670838471
3.860262575995226,1.1984193865875703,9.0,1.6792106632309876,0.4121248446308382,0.0214819836692937
0.8395007033172456,1.2869503247622598,9.0,2.4812748901836925,1.5312617834134445,0.09095904875601146
4.486846082544955,1.0757058502827976,13.0,4.1052667340756726,1.7555807738888578,0.044246933539216576
2.560781936735219,0.8653912521274623,13.0,2.7411640695872816,1.1800625963357216,0.04710981061153035
2.143591131688959,1.2971096001043192,9.0,2.0572943717010865,0.4991776590151178,0.06728395376323978
2.694568733968475,0.9833319882430536,13.0,4.235026040746892,1.787317309980045,0.03321738624152662
2.7028662813012603,1.4377174278261031,9.0,2.6803728051423477,1.1568631150075017,0.09940226184258671
3.7303026464781683,1.7780411023883216,9.0,3.7408467062509114,2.3123055989029306,0.008288399053803661
1.6434032651910544,1.034554322558583,9.0,3.111252564867511,1.299667388353283,0.09957031020549939
4.644997492541858,1.869984310068423,9.0,0.30530481478664284,0.13651936160981706,0.05790529756785635
2.0156326504264532,1.330697933168499,13.0,3.7628665352283757,0.20759318155477527,0.0547675167428828
0.7343928467651105,1.1704897980521745,9.0,2.523735139744051,1.5649846143650332,0.07603481773402412
4.820334786744794,1.5488542133335197,13.0,2.741152933408319,0.1479604023389207,0.033535816769190374
3.515604071422024,1.3020538137244664,9.0,1.738788428314218,0.43300950479876477,0.02246483010968274
1.4726991738072475,0.8275911214685726,9.0,0.44785250279223265,0.19849805037402032,0.0350253815845368
1.6862126215612037,0.4880819811658531,13.0,3.9701477370488227,0.1985000000000004,0.04467088034277249
3.0348466777325984,1.0103888523642355,13.0,4.08479038364858,1.716871863794473,0.014598985784680142
0.7861040925082177,1.1444520362271848,9.0,2.5064732206311104,1.5488923265295458,0.08090920830796061
0.9545580186153854,0.6301197313534934,15.0,0.5049862879192689,0.1688469834337104,0.02958504785488185
4.56799824701645,1.2981320248058263,9.0,4.069655363421864,0.9733056626991439,0.024015951397053568
4.72391343470189,0.6705017670813804,17.0,4.0200000000000005,1.7085000000000004,0.03582315096543695
0.8000087237932229,1.3540768856401153,9.0,2.492045969430367,1.5423928852779687,0.08402343053023699
0.4298883141353072,0.3344882602432861,17.0,0.5349999999999999,0.026750000000000003,0.07516443668953064
1.1351367547238047,0.8300173480963544,15.0,0.4657275557567351,0.3324167846356615,0.04075774494038946
4.761817511024879,1.0300316182444598,13.0,3.9972967230245464,1.7062441179778207,0.02334762367623043
2.251058692844084,1.1359020843760699,15.0,0.39768026471655316,0.28365092260167063,0.05057255319540168
2.6852521393002657,1.1752822017162914,9.0,4.24928683274361,2.598950740332337,0.049655984782401845
2.882419747024118,1.411361062410994,9.0,2.6271066417466002,1.1272005387316009,0.0478299842212754
3.401783681546707,0.9581224543640031,13.0,1.767383751517814,1.0977260712910675,0.04551427007397334
1.6680923327156325,1.5763954438695218,13.0,4.813657771552065,2.0662089477014605,0.08793649617254808
1.035333484449597,1.821823423211534,13.0,3.342299927073551,2.6517874376265955,0.048102636036086
0.820392994362022,0.3854110471354571,13.0,0.5040128447198605,0.2211348664557862,0.048438622297632176
3.244929135200765,1.8673823280029171,13.0,3.2256591243037667,0.1732858205528541,0.04311038380945887
4.1770881319917725,1.2372262471338495,9.0,1.624244984648034,0.3980600276270263,0.025089789388799636
1.878845590349598,0.8804638081612863,9.0,2.994042678061722,1.858313216013152,0.029903750626895043
2.3806608708246433,0.44606874826544723,17.0,2.8146615235564867,1.7233413088912184,0.052448491557225044
0.8155243962569253,1.158266402897095,9.0,2.495439130216228,1.539791061538925,0.09220653243612781
2.1907519361728838,1.180278518245687,15.0,0.4222237353651353,0.1373621266166715,0.04755551282497811
1.025059421349091,1.4921515145666535,13.0,1.4574271352008494,0.07494031710970286,0.013956155558393806
4.12339158365855,1.2646953680045174,9.0,1.6337718415002218,1.0189415762299812,0.017452154752633984
0.33354935356061954,0.825127608211645,9.0,3.7835598412189926,0.8518581140178043,0.011243862842716841
2.8636710198113975,1.77734611454521,9.0,4.879400168812629,0.25167539920029924,0.07983548794655547
0.877568864789856,0.684144214821696,15.0,0.48512190781211234,0.3440734297955728,0.03338708132251185
3.6485942733732974,1.5040871983881123,9.0,0.33900535012826666,0.15177755945260824,0.05103373483693812
3.8624678512504493,0.943172283409382,13.0,1.6833722635939854,0.7268552364304942,0.044432968973441504
0.8921634792761735,1.114689440650147,11.0,1.4978449715518207,0.14391241943245128,0.015526524302089336
3.1862136159604164,0.6062577480883944,13.0,4.009375730161679,1.7041927538064723,0.06325908913327223
3.0642071834806655,1.523786219068461,7.0,0.3663865531959039,0.25345276408801143,0.05829394410799174
4.699304103568959,1.371549318327017,13.0,2.7764059608288667,0.14871328426460695,0.025887907539856068
3.517629507085445,1.5375556020637506,9.0,0.3423558228618503,0.1561020742152913,0.05339626429779968
0.5184545053869197,0.8393876157923693,9.0,2.622239256180784,1.6323137895649886,0.05693713119330705
4.100044499411946,0.9175535512920012,13.0,2.9597684934297885,1.8233821846492864,0.014046063369146013
4.956755441288619,0.748354801212012,17.0,3.9299999999999997,3.144,0.05542169424855137
3.6773408284985756,1.846914790533232,9.0,3.7586700488860387,2.3270186791986416,0.041799592956365206
4.95498375670332,1.467812495985844,9.0,3.9154421281589995,0.93714347490187,0.015985276226631047
3.1969764127264244,1.39198841472042,15.0,0.35391058385978813,0.2517709726845676,0.05616080959597495
4.394154094399787,1.3559156016950416,13.0,2.8617936402200788,0.15445619821175538,0.015313929166441016
2.6829969344262374,0.7466897862758682,13.0,2.709971321620728,1.151678304051821,0.06796893237606952
3.8362746865890816,1.5852898281267487,15.0,0.32935620451456327,0.23405531000256644,0.05985062418886077
2.8488010660180323,0.6934690847044076,13.0,4.168613148012843,1.7763092768806155,0.026377701729990165
4.45241778654263,1.8537992964690275,9.0,0.31027922767672766,0.14046214453010805,0.058380665190855344
2.5003805294578965,1.1428364501746597,9.0,0.38804932578207263,0.17445783090674613,0.04339130912581821
1.058039282280725,1.8687194090960664,9.0,3.325424408845181,2.060618580374817,0.05211848792455959
4.5635839297802425,1.8543260991607264,15.0,0.3051845180845963,0.21682176971637557,0.06541442465449042
0.47536792985218107,1.429318421352588,9.0,3.657987415746655,0.8290518868080804,0.07688306739119591
1.7235957233063113,0.7006620453024447,13.0,3.9366443346825775,0.2094653554746523,0.007310755081522756
1.0333392875751952,0.3436336297755,17.0,0.4852527648006388,0.02425000000000226,0.04026206866747261
1.231811626315939,1.4458225621310248,9.0,3.262975352080898,2.0234840700525925,0.0191878041704512
3.3424874698476814,0.5053364546593067,15.0,1.790866724832225,0.37510472526918365,0.07581652047091038
1.478065735642857,0.52020015920714,13.0,4.086630642552892,0.2075335428836389,0.01870134944511853
3.335443832531313,0.6765399459392396,13.0,1.7892216489057657,1.0977996777931005,0.03255918375893149
3.5930571084887704,0.9267210884042151,9.0,1.7365722746227599,1.0742196218363516,0.06393530802027193
0.9474002490677629,1.050955633524249,9.0,1.485386556878779,1.164357859278202,0.04115853784428912
4.468184281819215,1.8792470944650574,9.0,0.30952864281162906,0.14053801918559633,0.059188086264357495
1.4211447836368052,0.7831478129686337,9.0,4.116254424327613,3.295999999999971,0.06599105849598039
4.6837584389514095,1.2195023295908454,9.0,4.026604324189696,0.959942087931459,0.024643940501644132
0.5604719596927943,0.3807030335132304,13.0,0.525642914249143,0.029265874163426617,0.023526552257237952
2.890977747372241,0.8763766387921846,13.0,4.138592877427292,0.9907406560394383,0.05317717008927787
2.9629231620035568,1.0345869125301705,9.0,4.101267047539474,0.9948476628276735,0.027591059592822566
2.403019544320931,1.3368786724680324,9.0,1.9842516855181422,0.49043601178586643,0.06179869061150233
5.0066347587286515,1.138265200531336,13.0,3.902208310359221,1.6660520067908748,0.01932776550226266
0.9081504661733362,0.6406875419534803,15.0,0.5088269901019734,0.16944124200056543,0.030065262339149072
1.8318391143762873,1.2306855162650896,9.0,3.8897330758590947,2.358686209157132,0.06148964819352621
0.4305596492235018,0.9103117129366132,9.0,3.7212787995984278,2.3146587293516694,0.007563584727821984
0.478803873361018,0.3727879149014694,13.0,0.5332016880996686,0.23382812323376365,0.021078682310630377
3.737159481998115,1.7779009546263993,9.0,3.737531138830354,0.19214545636609312,0.006828498972170684
1.3009806754280737,1.06189183126629,9.0,1.398929570033129,1.1159999999999752,0.05474467329578039
2.1409204403213065,0.9372263041686782,9.0,2.893647417146012,1.2377326673938478,0.07150625337055061
1.4540876302671446,0.9915789672541615,13.0,3.1962639987208803,1.3397173184006677,0.06763992397460564
1.646297420610706,1.2010254958774793,13.0,4.849640350877536,2.0783211542808404,0.06502948659678352
3.0195364156756814,1.5163850378175054,9.0,2.583373145973912,1.1073283135751781,0.046654903950843984
2.645260126184706,0.8249914707701095,13.0,2.714044497000456,1.6743644751168392,0.029352169036194482
0.999643956647216,0.5038401239581554,15.0,0.4992121129262402,0.17308663438970567,0.024194125269106435
3.493866352941106,0.7981038338988776,13.0,1.7535811626634088,0.7570826251233401,0.017536741677392123
3.248715740533805,0.9230479050954726,13.0,3.967692163972934,1.7013874105160067,0.010931381656823383
0.7812385805911813,1.3348296708674314,9.0,2.499496838646056,1.5485912051997426,0.08523254820901698
2.722644269670239,1.6318608590056074,9.0,4.964118469123325,0.2635717716103632,0.07357195945570598
4.466449223364545,1.5657144288033245,9.0,1.5712905469465477,0.39042579645200187,0.007734815318463872
4.596185990134536,0.9062977884618828,13.0,4.066227131042212,1.7329418163579127,0.017862094275209062
0.6546863882599029,0.3376474916389819,17.0,0.5150901706229565,0.026283801393771688,0.01559502314483992
2.174761755970081,0.7793827642953829,13.0,2.8807622669520874,1.2408129090560307,0.0526331388498808
0.7173305582836915,0.6964388940357431,9.0,0.49958574355517077,0.22763214941815246,0.03183399202753808
3.826102678563886,1.6925388276066566,15.0,0.32951288585432326,0.23504549438490485,0.06502339333864923
4.144269215062472,1.814473843127963,9.0,0.31911843306224014,0.14656050293503817,0.06032682359943034
4.754554916759231,0.5809450291279551,17.0,4.01,3.208,0.09225149231360683
2.8957603139192054,0.5656375832631579,13.0,4.149613426529962,1.7633095195656774,0.09470993505383701
2.7524173045153892,0.6873385247194325,13.0,4.219845248647104,1.7944577713888572,0.03333379708519673
3.7625256418881987,1.240384718641155,9.0,1.6966322178258484,1.0604465578828308,0.02642956472410743
3.3864865762846605,0.7870541190496055,13.0,1.775073197875067,1.0952054884787596,0.01860358215981917
2.8373477408968957,0.912888013266052,9.0,4.169005166828304,1.006299511093907,0.060607963070498476
1.6532189262622918,1.373865739544076,13.0,4.8352455564835735,2.0746128523891407,0.07349966026196797
4.389809379178276,1.3716415394919197,9.0,1.5885283545386304,0.9913519422408761,0.015461227067258717
3.946594306769147,1.5463143650738884,9.0,0.32996098511625627,0.14475601179653527,0.05166500329889761
4.993994996574865,0.8454048052897575,13.0,3.9143243277414688,1.6643212287154285,0.07101894716765142
2.5274495111062185,1.0687208660402614,9.0,0.3906792925006365,0.16897520049331538,0.04162342073527557
2.1119767295605425,1.663760450901981,9.0,3.704955382384273,2.9357310328575568,0.02563437399491008
1.0388905543932347,1.5747847494333487,15.0,3.3549710095914964,2.0453136348882563,0.00527533599864676
4.002838054420947,1.0052694524712034,13.0,3.001539378176675,1.825163625604612,0.028583425391823566
3.233719300505045,0.8880523561447109,13.0,1.8031218126635475,1.1175784488857423,0.041178213065786486
0.6865825734962481,1.0258247988885032,9.0,2.5480696446686646,1.5802038434876176,0.06715983088054694
2.9928419861770323,1.4229877858641187,9.0,2.5933539657969984,1.1115372460747908,0.04875919343073895
2.9528585341670888,1.6287802610179654,9.0,2.6191117806548307,1.5880623423340194,0.04339366561429086
2.973140633820463,1.0329911511320107,9.0,4.096397503880038,0.9935875307435146,0.02720313197334069
4.1888143176205475,1.6136432054105116,9.0,0.32179614205976537,0.14078598407861148,0.05309876577548592
2.4602225228249086,1.2831699792987186,9.0,1.971487433347737,0.48631188460033464,0.056122530990083436
1.1407277108981204,0.6451931565746699,9.0,0.48037457593197047,0.19634219511244175,0.042509223772454086
1.8163437227528585,1.1991312389959963,9.0,3.898897399423307,2.3646553788684574,0.06059642837613766
3.195638423893949,0.5730508000963568,13.0,4.0054737991057685,1.7023714997639887,0.09832552685612037
3.330119160345838,1.5874768113186857,9.0,3.2105071184898635,2.5679999999999503,0.0685374834062639
3.20183670677431,1.062970958079947,13.0,4.005395724318016,1.739327973836915,0.01500447008759099
2.3372703594293833,0.6862480732441152,13.0,2.8326384738750625,1.7290664195434986,0.05419246117019612
2.3792938742689707,1.5102337354937603,9.0,4.389203286077039,0.22098399640226574,0.07618987431262211
2.429070828994442,0.4799591251879523,17.0,2.8005659812548855,1.191997066995159,0.09663772204697921
2.1970731564326385,0.5784630698960286,13.0,2.88632292982736,0.6844311665085829,0.03569903642198361
1.1366800955571987,0.7556186747005549,15.0,0.4658324577367939,0.3307246163562484,0.036337999994655215
4.5784154492203575,1.8391826687518047,13.0,0.3225369039480039,0.24456455203103145,0.062445566964357366
4.711445601656419,1.2342935622736941,9.0,4.014841646697836,1.714437695351246,0.03261089681788179
3.2551962725298993,1.550358639108369,15.0,0.3701164049213646,0.12044777912446021,0.05645590634154453
3.182060156343166,1.0842425640389437,9.0,1.812895320348658,1.1307267358978081,0.02923903339421877
4.43987172764213,1.6745445995965549,9.0,1.5742743166504678,0.9903380775080287,0.034049619064692366
2.518668848655613,1.2001323644179316,9.0,0.38541075686781623,0.17630086930924077,0.04610259725531061
0.9526827254714404,0.6723886706398414,9.0,0.48804774314566013,0.21025617867373667,0.030487082831135996
0.7988691383880565,1.0408814611033703,9.0,1.5232390630940913,1.187362701751278,0.03706721091615543
3.9853675665098587,1.6188888517260693,9.0,4.976197986183417,0.2587883360561918,0.05181704859301893
3.9916606757173905,0.9224223007128067,13.0,1.6597111255988954,1.025681237485146,0.01831667197797702
4.570422562940801,1.235509022921444,9.0,4.070910274222045,0.9718065904542955,0.024865334560523332
5.022959174483388,0.9137925756637545,13.0,3.902356025784597,1.6599365243070985,0.039425811323153474
0.7918077613196148,1.1250924089434509,9.0,2.505329183014884,1.547187203323545,0.08470940852543238
2.5774646902029663,1.3393669751165596,13.0,4.284532987860058,1.8436725988215572,0.06330003078768236
2.6110565546797533,1.0288169952843602,9.0,2.723860756594996,1.165167661711343,0.06331687495179701
4.100858050699461,1.0357478097008461,13.0,1.6385883156625078,1.0157478566209386,0.02649919421625787
1.0506598407475154,0.6302731220443961,15.0,0.473092652587928,0.33221816564840223,0.02933599191715467
3.1112910233241746,1.54719252159483,15.0,0.37609832338445465,0.048777962820566935,0.056760641449129276
1.451529556346644,0.6768737190230966,9.0,4.100750380260886,3.2840000000000007,0.03626922078166463
5.008430730596516,1.625061433452698,13.0,2.6914724843392963,0.14456912286795492,0.04137454094237876
1.197200900948171,1.065018788149497,9.0,1.4215294763595152,1.1320000000000001,0.03545184692245673
4.663502689140576,1.542953775785744,9.0,1.5432262799601675,0.3797892302159112,0.013058213977285193
4.545640925263686,1.497591047460326,9.0,4.069604112311105,0.2151667150494431,0.02454658927727351
4.837880446952062,0.865980279783385,13.0,3.972813184766779,1.6903453461477531,0.03076491551575454
1.0350466088755441,1.4117689643733793,9.0,1.4626593117935693,1.1365410650575731,0.0398457491186978
2.2378440584023043,1.0105379540133155,9.0,2.853481103465534,1.2251155478414912,0.05942175592913409
3.700726862291551,0.5520604386649786,15.0,1.7201626968563393,0.40716915606432785,0.0781617507433045
3.074658416851143,0.7602989028817776,13.0,4.053998464230228,1.7331019792160858,0.017063735565756882
0.9119820110241508,0.7578982284850213,9.0,0.4831234153777799,0.22201398900143804,0.03428372681316857
4.082466852331472,1.2089258728644965,13.0,2.9575073757043397,0.15816760040800845,0.004464399581150677
1.3713998649458294,1.668679695843935,9.0,1.3837614440374568,1.0837263855936707,0.06292336225000134
0.9807971206104413,0.7754002578078873,9.0,0.4777713508735739,0.2197790968121647,0.03489220763457965
1.1324894924759743,0.619391977670603,15.0,0.49085344280099114,0.16572133742758444,0.028932995040637746
0.4759901752916672,0.40653438654459584,13.0,0.5394846804461623,0.226119656524563,0.020058600613192642
3.941281679322874,1.2692967180569716,13.0,3.000840528111317,0.16094242099736214,0.002500992976267939
4.229667496108525,1.2940643880362028,13.0,2.9111961978272802,0.15670496436267106,0.008594275747792871
4.179666609992225,1.601195811716063,9.0,0.32272842083559944,0.14018417567572414,0.05296289647698373
2.4028699898513652,1.1947200993720346,9.0,0.3907248848076593,0.17950014655635152,0.0474285961546125
2.685199924160933,0.9806043502248177,9.0,2.7013794803472653,1.1528921044354574,0.09619371807409519
2.5440212174845547,1.4362811628671548,9.0,4.31917308308419,2.633944038663658,0.09016384226282388
3.4773175028775754,1.2884026251159695,9.0,3.859578459332558,0.19589892652910318,0.014050102173850844
4.198351618033424,1.4103491557358792,9.0,1.6166329718883639,0.40058389689175133,0.013611910172988509
4.310628997065895,1.4636794654024705,9.0,4.171822701015532,1.7859908887903417,0.04719288765029689
0.42750614412495697,0.7484693229440861,9.0,2.6646816394148476,1.6597817931540566,0.04964036864345833
4.454340231756722,1.0836052238035472,9.0,4.123740735052228,0.9802320513664826,0.05710714494269723
0.6313420766756221,0.8061946331574613,9.0,1.5655056543552552,1.2282456041159142,0.03468768821189534
3.910136321809436,0.7900850871673627,13.0,1.6775624888101863,1.0314015477279466,0.015242333201302714
4.236810710852403,1.8572153886449734,15.0,0.31537184176224725,0.22496345065224974,0.0686872819824319
2.9545940456274042,1.3243772444803257,15.0,0.3641788260840031,0.2592613791290416,0.054786438571463925
2.153227244652266,1.7888382102746794,9.0,3.6805258271401087,2.914081526665469,0.02245435972978714
3.805028018636361,0.8785867207876037,13.0,1.6941347511365001,0.7315349319124553,0.020330101790770584
1.2112842308312834,1.8665523605693097,15.0,3.25319700828856,1.4399786984478287,0.061590121850621245
1.4012550321428423,1.659414894511559,9.0,1.3768886282730184,1.0809896440211926,0.06461985180785983
3.903268281280955,0.9123292013653849,13.0,1.6752627361793804,1.0356793858016056,0.020274337605361258
2.605792058153713,1.2421584014412945,9.0,0.380925716635899,0.17474682792432944,0.047609821215399924
0.7539786411409973,0.34570968886318737,17.0,0.51,0.40800000000000003,0.06299082993165626
4.297162732412134,1.0837393931221817,13.0,2.9111324346313103,2.313996208983532,0.004682849862303772
2.0855237868126304,1.010537117664684,9.0,2.910713200689343,1.2500883815880226,0.07087242698959037
3.6949110529843523,0.7178180119583568,15.0,1.725631179679138,0.4006414085753074,0.020919659078424396
1.4805908831012702,1.3159949643197688,9.0,1.3596131948135726,1.083999999999926,0.059955751151328424
3.5972140866013764,0.7899888284701132,13.0,1.7339162902111587,0.7479876549062889,0.01671098809156
4.2263894307867815,0.7896231678080122,13.0,2.924826864149264,0.14625000000000207,0.035570110962987914
3.9059081898332106,0.9496872599911964,13.0,1.6738566294965451,1.036285297510635,0.024829550845969987
2.999424294562942,0.6236165485098512,17.0,4.1,3.28,0.09627194230364891
2.26529244292032,0.8801019528359563,9.0,2.857369660094745,1.7493522409671094,0.05550578471448912
4.494464493337484,0.9893813762239543,13.0,4.105555996906,1.7517446429708887,0.02747620697059902
1.9228989894746555,0.7430824106991278,13.0,2.998618469500116,0.6989680964114726,0.02292505673605415
4.363679400476146,1.5155206176908091,9.0,4.14656330356662,1.7784995964540378,0.06415524925883297
4.211730940783255,1.3596333560432037,13.0,2.9153461526444318,0.15778340338139246,0.009066652550509174
1.624669098209423,1.3820318234912339,13.0,4.878928090052441,2.0807349167944347,0.07509853144463167
0.6024327864371019,0.9237314151668825,9.0,2.584904016324203,1.6062943773185074,0.061531886390551065
3.3008272572678283,1.0088088426797983,9.0,1.791240455452491,0.4342785625820189,0.038337483422269135
2.228286193368273,1.1071433188807858,9.0,0.4001625417327234,0.18297932171692768,0.043744893283284875
3.29246101588307,1.7890531427788194,13.0,3.2105709350047005,0.1724327255151404,0.03930643066136574
3.4445246258186057,0.868563834675201,13.0,1.7628780508565474,0.761155663520651,0.04069658638060141
